<?xml version="1.0" standalone="no"?>

<!DOCTYPE caldavtest SYSTEM "caldavtest.dtd">

<!--
 Copyright (c) 2006-2010 Apple Inc. All rights reserved.

 Licensed under the Apache License, Version 2.0 (the "License");
 you may not use this file except in compliance with the License.
 You may obtain a copy of the License at

  http://www.apache.org/licenses/LICENSE-2.0

 Unless required by applicable law or agreed to in writing, software
 distributed under the License is distributed on an "AS IS" BASIS,
 WITHOUT WARRANTIES OR CONDITIONS OF ANY KIND, either express or implied.
 See the License for the specific language governing permissions and
 limitations under the License.
 -->

<caldavtest>
	<description>Test security of implicit CalDAV scheduling</description>

	<require-feature>
		<feature>caldav</feature>
		<feature>implicit-scheduling</feature>
	</require-feature>

	<start>
		<request user="$userid1:" pswd="$pswd1:">
			<method>GET</method>
			<ruri>$calendarpath1:/</ruri>
		</request>
		<request user="$userid2:" pswd="$pswd2:">
			<method>GET</method>
			<ruri>$calendarpath2:/</ruri>
		</request>
	</start>
	
	<test-suite name='Prevent ORGANIZER forgeries' ignore='no'>
		<test name='1'>
			<description>Organizer invites Attendee</description>
			<request print-response='no'>
				<method>PUT</method>
				<ruri>$calendarpath1:/1.ics</ruri>
				<data>
					<content-type>text/calendar; charset=utf-8</content-type>
					<filepath>Resource/CalDAV/implicit/security/organizerforgery/1.ics</filepath>
				</data>
				<verify>
					<callback>statusCode</callback>
				</verify>
			</request>
			<request>
				<method>DELAY</method>
				<ruri>$schedDelay:</ruri>
			</request>
		</test>
		<test name='2'>
			<description>Organizer checks data</description>
			<request print-response='no'>
				<method>GET</method>
				<ruri>$calendarpath1:/1.ics</ruri>
				<verify>
					<callback>calendarDataMatch</callback>
					<arg>
						<name>filepath</name>
						<value>Resource/CalDAV/implicit/security/organizerforgery/2.ics</value>
					</arg>
				</verify>
			</request>
		</test>
		<test name='3'>
			<description>Attendee Inbox Item</description>
			<request user="$userid2:" pswd="$pswd2:" print-response='no'>
				<method>PROPFIND</method>
				<ruri>$inboxpath2:/</ruri>
				<header>
					<name>Depth</name>
					<value>1</value>
				</header>
				<data>
					<content-type>application/xml; charset=utf-8</content-type>
					<filepath>Resource/CalDAV/implicit/security/organizerforgery/3.xml</filepath>
				</data>
				<verify>
					<callback>multistatusItems</callback>
					<arg>
						<name>count</name>
						<value>1</value>
					</arg>
				</verify>
			</request>
		</test>
		<test name='4'>
			<description>Attendee has data</description>
			<request user="$userid2:" pswd="$pswd2:" print-response='no'>
				<method>GETNEW</method>
				<ruri>$calendarpath2:/</ruri>
				<verify>
					<callback>calendarDataMatch</callback>
					<arg>
						<name>filepath</name>
						<value>Resource/CalDAV/implicit/security/organizerforgery/4.ics</value>
					</arg>
				</verify>
			</request>
		</test>
		<test name='5'>
			<description>Attendee deletes Inbox Item</description>
			<request user="$userid2:" pswd="$pswd2:" print-response='no'>
				<method>GETNEW</method>
				<ruri>$inboxpath2:/</ruri>
				<verify>
					<callback>statusCode</callback>
				</verify>
			</request>
			<request user="$userid2:" pswd="$pswd2:" print-response='no'>
				<method>DELETE</method>
				<ruri>$</ruri>
				<verify>
					<callback>statusCode</callback>
					<arg>
						<name>status</name>
						<value>204</value>
					</arg>
				</verify>
			</request>
		</test>
		<test name='6'>
			<description>Malicious user invites Attendee with UID forgery</description>
			<request user="$userid3:" pswd="$pswd3:" print-response='no'>
				<method>PUT</method>
				<ruri>$calendarpath3:/1.ics</ruri>
				<data>
					<content-type>text/calendar; charset=utf-8</content-type>
					<filepath>Resource/CalDAV/implicit/security/organizerforgery/5.ics</filepath>
				</data>
				<verify>
					<callback>statusCode</callback>
				</verify>
			</request>
			<request>
				<method>DELAY</method>
				<ruri>$schedDelay:</ruri>
			</request>
		</test>
		<test name='7'>
			<description>Organizer checks same data</description>
			<request print-response='no'>
				<method>GET</method>
				<ruri>$calendarpath1:/1.ics</ruri>
				<verify>
					<callback>calendarDataMatch</callback>
					<arg>
						<name>filepath</name>
						<value>Resource/CalDAV/implicit/security/organizerforgery/2.ics</value>
					</arg>
				</verify>
			</request>
		</test>
		<test name='8'>
			<description>Attendee has same data</description>
			<request user="$userid2:" pswd="$pswd2:" print-response='no'>
				<method>GETNEW</method>
				<ruri>$calendarpath2:/</ruri>
				<verify>
					<callback>calendarDataMatch</callback>
					<arg>
						<name>filepath</name>
						<value>Resource/CalDAV/implicit/security/organizerforgery/4.ics</value>
					</arg>
				</verify>
			</request>
		</test>
		<test name='9'>
			<description>Malicious user has error data</description>
			<request user="$userid3:" pswd="$pswd3:" print-response='no'>
				<method>GET</method>
				<ruri>$calendarpath3:/1.ics</ruri>
				<verify>
					<callback>calendarDataMatch</callback>
					<arg>
						<name>filepath</name>
						<value>Resource/CalDAV/implicit/security/organizerforgery/6.ics</value>
					</arg>
				</verify>
			</request>
		</test>
		<test name='10'>
			<description>Clean-up</description>
			<request user="$userid1:" pswd="$pswd1:">
				<method>DELETEALL</method>
				<ruri>$calendarpath1:/</ruri>
				<ruri>$inboxpath1:/</ruri>
			</request>
			<request user="$userid2:" pswd="$pswd2:">
				<method>DELETEALL</method>
				<ruri>$calendarpath2:/</ruri>
				<ruri>$inboxpath2:/</ruri>
			</request>
			<request user="$userid3:" pswd="$pswd3:">
				<method>DELETEALL</method>
				<ruri>$calendarpath3:/</ruri>
				<ruri>$inboxpath3:/</ruri>
			</request>
		</test>
	</test-suite>
	
	<test-suite name='Prevent ATTENDEE party crash' ignore='no'>
		<test name='1'>
			<description>Organizer invites Attendee</description>
			<request print-response='no'>
				<method>PUT</method>
				<ruri>$calendarpath1:/1.ics</ruri>
				<data>
					<content-type>text/calendar; charset=utf-8</content-type>
					<filepath>Resource/CalDAV/implicit/security/attendeepartycrash/1.ics</filepath>
				</data>
				<verify>
					<callback>statusCode</callback>
				</verify>
			</request>
			<request>
				<method>DELAY</method>
				<ruri>$schedDelay:</ruri>
			</request>
		</test>
		<test name='2'>
			<description>Organizer checks data</description>
			<request print-response='no'>
				<method>GET</method>
				<ruri>$calendarpath1:/1.ics</ruri>
				<verify>
					<callback>calendarDataMatch</callback>
					<arg>
						<name>filepath</name>
						<value>Resource/CalDAV/implicit/security/attendeepartycrash/2.ics</value>
					</arg>
				</verify>
			</request>
		</test>
		<test name='3'>
			<description>Attendee Inbox Item</description>
			<request user="$userid2:" pswd="$pswd2:" print-response='no'>
				<method>PROPFIND</method>
				<ruri>$inboxpath2:/</ruri>
				<header>
					<name>Depth</name>
					<value>1</value>
				</header>
				<data>
					<content-type>application/xml; charset=utf-8</content-type>
					<filepath>Resource/CalDAV/implicit/security/attendeepartycrash/3.xml</filepath>
				</data>
				<verify>
					<callback>multistatusItems</callback>
					<arg>
						<name>count</name>
						<value>1</value>
					</arg>
				</verify>
			</request>
		</test>
		<test name='4'>
			<description>Attendee has data</description>
			<request user="$userid2:" pswd="$pswd2:" print-response='no'>
				<method>GETNEW</method>
				<ruri>$calendarpath2:/</ruri>
				<verify>
					<callback>calendarDataMatch</callback>
					<arg>
						<name>filepath</name>
						<value>Resource/CalDAV/implicit/security/attendeepartycrash/4.ics</value>
					</arg>
				</verify>
			</request>
		</test>
		<test name='5'>
			<description>Attendee deletes Inbox Item</description>
			<request user="$userid2:" pswd="$pswd2:" print-response='no'>
				<method>GETNEW</method>
				<ruri>$inboxpath2:/</ruri>
				<verify>
					<callback>statusCode</callback>
				</verify>
			</request>
			<request user="$userid2:" pswd="$pswd2:" print-response='no'>
				<method>DELETE</method>
				<ruri>$</ruri>
				<verify>
					<callback>statusCode</callback>
					<arg>
						<name>status</name>
						<value>204</value>
					</arg>
				</verify>
			</request>
		</test>
		<test name='6'>
			<description>Malicious user tries to party crash with UID forgery</description>
			<request user="$userid3:" pswd="$pswd3:" print-response='no'>
				<method>PUT</method>
				<ruri>$calendarpath3:/1.ics</ruri>
				<data>
					<content-type>text/calendar; charset=utf-8</content-type>
					<filepath>Resource/CalDAV/implicit/security/attendeepartycrash/5.ics</filepath>
				</data>
				<verify>
					<callback>statusCode</callback>
					<arg>
						<name>status</name>
						<value>403</value>
					</arg>
				</verify>
			</request>
			<request>
				<method>DELAY</method>
				<ruri>$schedDelay:</ruri>
			</request>
		</test>
		<test name='7'>
			<description>Organizer checks same data</description>
			<request print-response='no'>
				<method>GET</method>
				<ruri>$calendarpath1:/1.ics</ruri>
				<verify>
					<callback>calendarDataMatch</callback>
					<arg>
						<name>filepath</name>
						<value>Resource/CalDAV/implicit/security/attendeepartycrash/2.ics</value>
					</arg>
				</verify>
			</request>
		</test>
		<test name='8'>
			<description>Attendee has same data</description>
			<request user="$userid2:" pswd="$pswd2:" print-response='no'>
				<method>GETNEW</method>
				<ruri>$calendarpath2:/</ruri>
				<verify>
					<callback>calendarDataMatch</callback>
					<arg>
						<name>filepath</name>
						<value>Resource/CalDAV/implicit/security/attendeepartycrash/4.ics</value>
					</arg>
				</verify>
			</request>
		</test>
		<test name='9'>
			<description>Clean-up</description>
			<request user="$userid1:" pswd="$pswd1:">
				<method>DELETEALL</method>
				<ruri>$calendarpath1:/</ruri>
				<ruri>$inboxpath1:/</ruri>
			</request>
			<request user="$userid2:" pswd="$pswd2:">
				<method>DELETEALL</method>
				<ruri>$calendarpath2:/</ruri>
				<ruri>$inboxpath2:/</ruri>
			</request>
			<request user="$userid3:" pswd="$pswd3:">
				<method>DELETEALL</method>
				<ruri>$calendarpath3:/</ruri>
				<ruri>$inboxpath3:/</ruri>
			</request>
		</test>
	</test-suite>
	
	<test-suite name='Prevent ATTENDEE switching ORGANIZER via new event' ignore='no'>
		<test name='1'>
			<description>Organizer invites Attendees</description>
			<request print-response='no'>
				<method>PUT</method>
				<ruri>$calendarpath1:/1.ics</ruri>
				<data>
					<content-type>text/calendar; charset=utf-8</content-type>
					<filepath>Resource/CalDAV/implicit/security/attendeeswitchorganizer/1.ics</filepath>
				</data>
				<verify>
					<callback>statusCode</callback>
				</verify>
			</request>
			<request>
				<method>DELAY</method>
				<ruri>$schedDelay:</ruri>
			</request>
		</test>
		<test name='2'>
			<description>Organizer checks data</description>
			<request print-response='no'>
				<method>GET</method>
				<ruri>$calendarpath1:/1.ics</ruri>
				<verify>
					<callback>calendarDataMatch</callback>
					<arg>
						<name>filepath</name>
						<value>Resource/CalDAV/implicit/security/attendeeswitchorganizer/2.ics</value>
					</arg>
				</verify>
			</request>
		</test>
		<test name='3'>
			<description>Attendee Inbox Item</description>
			<request user="$userid2:" pswd="$pswd2:" print-response='no'>
				<method>PROPFIND</method>
				<ruri>$inboxpath2:/</ruri>
				<header>
					<name>Depth</name>
					<value>1</value>
				</header>
				<data>
					<content-type>application/xml; charset=utf-8</content-type>
					<filepath>Resource/CalDAV/implicit/security/attendeeswitchorganizer/3.xml</filepath>
				</data>
				<verify>
					<callback>multistatusItems</callback>
					<arg>
						<name>count</name>
						<value>1</value>
					</arg>
				</verify>
			</request>
		</test>
		<test name='4'>
			<description>Attendee has data</description>
			<request user="$userid2:" pswd="$pswd2:" print-response='no'>
				<method>GETNEW</method>
				<ruri>$calendarpath2:/</ruri>
				<verify>
					<callback>calendarDataMatch</callback>
					<arg>
						<name>filepath</name>
						<value>Resource/CalDAV/implicit/security/attendeeswitchorganizer/4.ics</value>
					</arg>
				</verify>
			</request>
		</test>
		<test name='5'>
			<description>Attendee deletes Inbox Item</description>
			<request user="$userid2:" pswd="$pswd2:" print-response='no'>
				<method>GETNEW</method>
				<ruri>$inboxpath2:/</ruri>
				<verify>
					<callback>statusCode</callback>
				</verify>
			</request>
			<request user="$userid2:" pswd="$pswd2:" print-response='no'>
				<method>DELETE</method>
				<ruri>$</ruri>
				<verify>
					<callback>statusCode</callback>
					<arg>
						<name>status</name>
						<value>204</value>
					</arg>
				</verify>
			</request>
		</test>
		<test name='6'>
			<description>Attendee Inbox Item</description>
			<request user="$userid3:" pswd="$pswd3:" print-response='no'>
				<method>PROPFIND</method>
				<ruri>$inboxpath3:/</ruri>
				<header>
					<name>Depth</name>
					<value>1</value>
				</header>
				<data>
					<content-type>application/xml; charset=utf-8</content-type>
					<filepath>Resource/CalDAV/implicit/security/attendeeswitchorganizer/3.xml</filepath>
				</data>
				<verify>
					<callback>multistatusItems</callback>
					<arg>
						<name>count</name>
						<value>1</value>
					</arg>
				</verify>
			</request>
		</test>
		<test name='7'>
			<description>Attendee has data</description>
			<request user="$userid3:" pswd="$pswd3:" print-response='no'>
				<method>GETNEW</method>
				<ruri>$calendarpath3:/</ruri>
				<verify>
					<callback>calendarDataMatch</callback>
					<arg>
						<name>filepath</name>
						<value>Resource/CalDAV/implicit/security/attendeeswitchorganizer/4.ics</value>
					</arg>
				</verify>
			</request>
		</test>
		<test name='8'>
			<description>Attendee deletes Inbox Item</description>
			<request user="$userid3:" pswd="$pswd3:" print-response='no'>
				<method>GETNEW</method>
				<ruri>$inboxpath3:/</ruri>
				<verify>
					<callback>statusCode</callback>
				</verify>
			</request>
			<request user="$userid3:" pswd="$pswd3:" print-response='no'>
				<method>DELETE</method>
				<ruri>$</ruri>
				<verify>
					<callback>statusCode</callback>
					<arg>
						<name>status</name>
						<value>204</value>
					</arg>
				</verify>
			</request>
		</test>
		<test name='9'>
			<description>Malicious user tries to change ORGANIZER</description>
			<request user="$userid3:" pswd="$pswd3:" print-response='no'>
				<method>PUT</method>
				<ruri>$calendarpath3:/1.ics</ruri>
				<data>
					<content-type>text/calendar; charset=utf-8</content-type>
					<filepath>Resource/CalDAV/implicit/security/attendeeswitchorganizer/5.ics</filepath>
				</data>
				<verify>
					<callback>statusCode</callback>
					<arg>
						<name>status</name>
						<value>403</value>
					</arg>
				</verify>
			</request>
		</test>
		<test name='10'>
			<description>Organizer checks same data</description>
			<request print-response='no'>
				<method>GET</method>
				<ruri>$calendarpath1:/1.ics</ruri>
				<verify>
					<callback>calendarDataMatch</callback>
					<arg>
						<name>filepath</name>
						<value>Resource/CalDAV/implicit/security/attendeeswitchorganizer/2.ics</value>
					</arg>
				</verify>
			</request>
		</test>
		<test name='11'>
			<description>Attendee has same data</description>
			<request user="$userid2:" pswd="$pswd2:" print-response='no'>
				<method>GETNEW</method>
				<ruri>$calendarpath2:/</ruri>
				<verify>
					<callback>calendarDataMatch</callback>
					<arg>
						<name>filepath</name>
						<value>Resource/CalDAV/implicit/security/attendeeswitchorganizer/4.ics</value>
					</arg>
				</verify>
			</request>
		</test>
		<test name='12'>
			<description>Attendee has same data</description>
			<request user="$userid3:" pswd="$pswd3:" print-response='no'>
				<method>GETNEW</method>
				<ruri>$calendarpath3:/</ruri>
				<verify>
					<callback>calendarDataMatch</callback>
					<arg>
						<name>filepath</name>
						<value>Resource/CalDAV/implicit/security/attendeeswitchorganizer/4.ics</value>
					</arg>
				</verify>
			</request>
		</test>
		<test name='13'>
			<description>Clean-up</description>
			<request user="$userid1:" pswd="$pswd1:">
				<method>DELETEALL</method>
				<ruri>$calendarpath1:/</ruri>
				<ruri>$inboxpath1:/</ruri>
			</request>
			<request user="$userid2:" pswd="$pswd2:">
				<method>DELETEALL</method>
				<ruri>$calendarpath2:/</ruri>
				<ruri>$inboxpath2:/</ruri>
			</request>
			<request user="$userid3:" pswd="$pswd3:">
				<method>DELETEALL</method>
				<ruri>$calendarpath3:/</ruri>
				<ruri>$inboxpath3:/</ruri>
			</request>
		</test>
	</test-suite>
	
	<test-suite name='Prevent ATTENDEE switching ORGANIZER via overwrite' ignore='no'>
		<test name='1'>
			<description>Organizer invites Attendees</description>
			<request print-response='no'>
				<method>PUT</method>
				<ruri>$calendarpath1:/1.ics</ruri>
				<data>
					<content-type>text/calendar; charset=utf-8</content-type>
					<filepath>Resource/CalDAV/implicit/security/attendeeswitchorganizer/1.ics</filepath>
				</data>
				<verify>
					<callback>statusCode</callback>
				</verify>
			</request>
			<request>
				<method>DELAY</method>
				<ruri>$schedDelay:</ruri>
			</request>
		</test>
		<test name='2'>
			<description>Organizer checks data</description>
			<request print-response='no'>
				<method>GET</method>
				<ruri>$calendarpath1:/1.ics</ruri>
				<verify>
					<callback>calendarDataMatch</callback>
					<arg>
						<name>filepath</name>
						<value>Resource/CalDAV/implicit/security/attendeeswitchorganizer/2.ics</value>
					</arg>
				</verify>
			</request>
		</test>
		<test name='3'>
			<description>Attendee Inbox Item</description>
			<request user="$userid2:" pswd="$pswd2:" print-response='no'>
				<method>PROPFIND</method>
				<ruri>$inboxpath2:/</ruri>
				<header>
					<name>Depth</name>
					<value>1</value>
				</header>
				<data>
					<content-type>application/xml; charset=utf-8</content-type>
					<filepath>Resource/CalDAV/implicit/security/attendeeswitchorganizer/3.xml</filepath>
				</data>
				<verify>
					<callback>multistatusItems</callback>
					<arg>
						<name>count</name>
						<value>1</value>
					</arg>
				</verify>
			</request>
		</test>
		<test name='4'>
			<description>Attendee has data</description>
			<request user="$userid2:" pswd="$pswd2:" print-response='no'>
				<method>GETNEW</method>
				<ruri>$calendarpath2:/</ruri>
				<verify>
					<callback>calendarDataMatch</callback>
					<arg>
						<name>filepath</name>
						<value>Resource/CalDAV/implicit/security/attendeeswitchorganizer/4.ics</value>
					</arg>
				</verify>
			</request>
		</test>
		<test name='5'>
			<description>Attendee deletes Inbox Item</description>
			<request user="$userid2:" pswd="$pswd2:" print-response='no'>
				<method>GETNEW</method>
				<ruri>$inboxpath2:/</ruri>
				<verify>
					<callback>statusCode</callback>
				</verify>
			</request>
			<request user="$userid2:" pswd="$pswd2:" print-response='no'>
				<method>DELETE</method>
				<ruri>$</ruri>
				<verify>
					<callback>statusCode</callback>
					<arg>
						<name>status</name>
						<value>204</value>
					</arg>
				</verify>
			</request>
		</test>
		<test name='6'>
			<description>Attendee Inbox Item</description>
			<request user="$userid3:" pswd="$pswd3:" print-response='no'>
				<method>PROPFIND</method>
				<ruri>$inboxpath3:/</ruri>
				<header>
					<name>Depth</name>
					<value>1</value>
				</header>
				<data>
					<content-type>application/xml; charset=utf-8</content-type>
					<filepath>Resource/CalDAV/implicit/security/attendeeswitchorganizer/3.xml</filepath>
				</data>
				<verify>
					<callback>multistatusItems</callback>
					<arg>
						<name>count</name>
						<value>1</value>
					</arg>
				</verify>
			</request>
		</test>
		<test name='7'>
			<description>Attendee deletes Inbox Item</description>
			<request user="$userid3:" pswd="$pswd3:" print-response='no'>
				<method>GETNEW</method>
				<ruri>$inboxpath3:/</ruri>
				<verify>
					<callback>statusCode</callback>
				</verify>
			</request>
			<request user="$userid3:" pswd="$pswd3:" print-response='no'>
				<method>DELETE</method>
				<ruri>$</ruri>
				<verify>
					<callback>statusCode</callback>
					<arg>
						<name>status</name>
						<value>204</value>
					</arg>
				</verify>
			</request>
		</test>
		<test name='8'>
			<description>Attendee has data</description>
			<request user="$userid3:" pswd="$pswd3:" print-response='no'>
				<method>GETNEW</method>
				<ruri>$calendarpath3:/</ruri>
				<verify>
					<callback>calendarDataMatch</callback>
					<arg>
						<name>filepath</name>
						<value>Resource/CalDAV/implicit/security/attendeeswitchorganizer/4.ics</value>
					</arg>
				</verify>
			</request>
		</test>
		<test name='9'>
			<description>Malicious user tries to change ORGANIZER</description>
			<request user="$userid3:" pswd="$pswd3:" print-response='no'>
				<method>PUT</method>
				<ruri>$</ruri>
				<data>
					<content-type>text/calendar; charset=utf-8</content-type>
					<filepath>Resource/CalDAV/implicit/security/attendeeswitchorganizer/5.ics</filepath>
				</data>
				<verify>
					<callback>statusCode</callback>
					<arg>
						<name>status</name>
						<value>403</value>
					</arg>
				</verify>
			</request>
			<request>
				<method>DELAY</method>
				<ruri>$schedDelay:</ruri>
			</request>
		</test>
		<test name='10'>
			<description>Organizer checks same data</description>
			<request print-response='no'>
				<method>GET</method>
				<ruri>$calendarpath1:/1.ics</ruri>
				<verify>
					<callback>calendarDataMatch</callback>
					<arg>
						<name>filepath</name>
						<value>Resource/CalDAV/implicit/security/attendeeswitchorganizer/2.ics</value>
					</arg>
				</verify>
			</request>
		</test>
		<test name='11'>
			<description>Attendee has same data</description>
			<request user="$userid2:" pswd="$pswd2:" print-response='no'>
				<method>GETNEW</method>
				<ruri>$calendarpath2:/</ruri>
				<verify>
					<callback>calendarDataMatch</callback>
					<arg>
						<name>filepath</name>
						<value>Resource/CalDAV/implicit/security/attendeeswitchorganizer/4.ics</value>
					</arg>
				</verify>
			</request>
		</test>
		<test name='12'>
			<description>Attendee has same data</description>
			<request user="$userid3:" pswd="$pswd3:" print-response='no'>
				<method>GETNEW</method>
				<ruri>$calendarpath3:/</ruri>
				<verify>
					<callback>calendarDataMatch</callback>
					<arg>
						<name>filepath</name>
						<value>Resource/CalDAV/implicit/security/attendeeswitchorganizer/4.ics</value>
					</arg>
				</verify>
			</request>
		</test>
		<test name='13'>
			<description>Clean-up</description>
			<request user="$userid1:" pswd="$pswd1:">
				<method>DELETEALL</method>
				<ruri>$calendarpath1:/</ruri>
				<ruri>$inboxpath1:/</ruri>
			</request>
			<request user="$userid2:" pswd="$pswd2:">
				<method>DELETEALL</method>
				<ruri>$calendarpath2:/</ruri>
				<ruri>$inboxpath2:/</ruri>
			</request>
			<request user="$userid3:" pswd="$pswd3:">
				<method>DELETEALL</method>
				<ruri>$calendarpath3:/</ruri>
				<ruri>$inboxpath3:/</ruri>
			</request>
		</test>
	</test-suite>
	
	<test-suite name='Prevent ATTENDEE switching ORGANIZER (someone else - an attendee) via overwrite' ignore='no'>
		<test name='1'>
			<description>Organizer invites Attendees</description>
			<request print-response='no'>
				<method>PUT</method>
				<ruri>$calendarpath1:/1.ics</ruri>
				<data>
					<content-type>text/calendar; charset=utf-8</content-type>
					<filepath>Resource/CalDAV/implicit/security/attendeeswitchorganizer/1.ics</filepath>
				</data>
				<verify>
					<callback>statusCode</callback>
				</verify>
			</request>
			<request>
				<method>DELAY</method>
				<ruri>$schedDelay:</ruri>
			</request>
		</test>
		<test name='2'>
			<description>Organizer checks data</description>
			<request print-response='no'>
				<method>GET</method>
				<ruri>$calendarpath1:/1.ics</ruri>
				<verify>
					<callback>calendarDataMatch</callback>
					<arg>
						<name>filepath</name>
						<value>Resource/CalDAV/implicit/security/attendeeswitchorganizer/2.ics</value>
					</arg>
				</verify>
			</request>
		</test>
		<test name='3'>
			<description>Attendee Inbox Item</description>
			<request user="$userid2:" pswd="$pswd2:" print-response='no'>
				<method>PROPFIND</method>
				<ruri>$inboxpath2:/</ruri>
				<header>
					<name>Depth</name>
					<value>1</value>
				</header>
				<data>
					<content-type>application/xml; charset=utf-8</content-type>
					<filepath>Resource/CalDAV/implicit/security/attendeeswitchorganizer/3.xml</filepath>
				</data>
				<verify>
					<callback>multistatusItems</callback>
					<arg>
						<name>count</name>
						<value>1</value>
					</arg>
				</verify>
			</request>
		</test>
		<test name='4'>
			<description>Attendee has data</description>
			<request user="$userid2:" pswd="$pswd2:" print-response='no'>
				<method>GETNEW</method>
				<ruri>$calendarpath2:/</ruri>
				<verify>
					<callback>calendarDataMatch</callback>
					<arg>
						<name>filepath</name>
						<value>Resource/CalDAV/implicit/security/attendeeswitchorganizer/4.ics</value>
					</arg>
				</verify>
			</request>
		</test>
		<test name='5'>
			<description>Attendee deletes Inbox Item</description>
			<request user="$userid2:" pswd="$pswd2:" print-response='no'>
				<method>GETNEW</method>
				<ruri>$inboxpath2:/</ruri>
				<verify>
					<callback>statusCode</callback>
				</verify>
			</request>
			<request user="$userid2:" pswd="$pswd2:" print-response='no'>
				<method>DELETE</method>
				<ruri>$</ruri>
				<verify>
					<callback>statusCode</callback>
					<arg>
						<name>status</name>
						<value>204</value>
					</arg>
				</verify>
			</request>
		</test>
		<test name='6'>
			<description>Attendee Inbox Item</description>
			<request user="$userid3:" pswd="$pswd3:" print-response='no'>
				<method>PROPFIND</method>
				<ruri>$inboxpath3:/</ruri>
				<header>
					<name>Depth</name>
					<value>1</value>
				</header>
				<data>
					<content-type>application/xml; charset=utf-8</content-type>
					<filepath>Resource/CalDAV/implicit/security/attendeeswitchorganizer/3.xml</filepath>
				</data>
				<verify>
					<callback>multistatusItems</callback>
					<arg>
						<name>count</name>
						<value>1</value>
					</arg>
				</verify>
			</request>
		</test>
		<test name='7'>
			<description>Attendee deletes Inbox Item</description>
			<request user="$userid3:" pswd="$pswd3:" print-response='no'>
				<method>GETNEW</method>
				<ruri>$inboxpath3:/</ruri>
				<verify>
					<callback>statusCode</callback>
				</verify>
			</request>
			<request user="$userid3:" pswd="$pswd3:" print-response='no'>
				<method>DELETE</method>
				<ruri>$</ruri>
				<verify>
					<callback>statusCode</callback>
					<arg>
						<name>status</name>
						<value>204</value>
					</arg>
				</verify>
			</request>
		</test>
		<test name='8'>
			<description>Attendee has data</description>
			<request user="$userid3:" pswd="$pswd3:" print-response='no'>
				<method>GETNEW</method>
				<ruri>$calendarpath3:/</ruri>
				<verify>
					<callback>calendarDataMatch</callback>
					<arg>
						<name>filepath</name>
						<value>Resource/CalDAV/implicit/security/attendeeswitchorganizer/4.ics</value>
					</arg>
				</verify>
			</request>
		</test>
		<test name='9'>
			<description>Malicious user tries to change ORGANIZER</description>
			<request user="$userid3:" pswd="$pswd3:" print-response='no'>
				<method>PUT</method>
				<ruri>$</ruri>
				<data>
					<content-type>text/calendar; charset=utf-8</content-type>
					<filepath>Resource/CalDAV/implicit/security/attendeeswitchorganizer/6.ics</filepath>
				</data>
				<verify>
					<callback>statusCode</callback>
					<arg>
						<name>status</name>
						<value>403</value>
					</arg>
				</verify>
			</request>
			<request>
				<method>DELAY</method>
				<ruri>$schedDelay:</ruri>
			</request>
		</test>
		<test name='10'>
			<description>Organizer checks same data</description>
			<request print-response='no'>
				<method>GET</method>
				<ruri>$calendarpath1:/1.ics</ruri>
				<verify>
					<callback>calendarDataMatch</callback>
					<arg>
						<name>filepath</name>
						<value>Resource/CalDAV/implicit/security/attendeeswitchorganizer/2.ics</value>
					</arg>
				</verify>
			</request>
		</test>
		<test name='11'>
			<description>Attendee has same data</description>
			<request user="$userid2:" pswd="$pswd2:" print-response='no'>
				<method>GETNEW</method>
				<ruri>$calendarpath2:/</ruri>
				<verify>
					<callback>calendarDataMatch</callback>
					<arg>
						<name>filepath</name>
						<value>Resource/CalDAV/implicit/security/attendeeswitchorganizer/4.ics</value>
					</arg>
				</verify>
			</request>
		</test>
		<test name='12'>
			<description>Attendee has same data</description>
			<request user="$userid3:" pswd="$pswd3:" print-response='no'>
				<method>GETNEW</method>
				<ruri>$calendarpath3:/</ruri>
				<verify>
					<callback>calendarDataMatch</callback>
					<arg>
						<name>filepath</name>
						<value>Resource/CalDAV/implicit/security/attendeeswitchorganizer/4.ics</value>
					</arg>
				</verify>
			</request>
		</test>
		<test name='13'>
			<description>Clean-up</description>
			<request user="$userid1:" pswd="$pswd1:">
				<method>DELETEALL</method>
				<ruri>$calendarpath1:/</ruri>
				<ruri>$inboxpath1:/</ruri>
			</request>
			<request user="$userid2:" pswd="$pswd2:">
				<method>DELETEALL</method>
				<ruri>$calendarpath2:/</ruri>
				<ruri>$inboxpath2:/</ruri>
			</request>
			<request user="$userid3:" pswd="$pswd3:">
				<method>DELETEALL</method>
				<ruri>$calendarpath3:/</ruri>
				<ruri>$inboxpath3:/</ruri>
			</request>
		</test>
	</test-suite>
	
	<test-suite name='Prevent ATTENDEE switching ORGANIZER (someone else - not an attendee) via overwrite' ignore='no'>
		<test name='1'>
			<description>Organizer invites Attendees</description>
			<request print-response='no'>
				<method>PUT</method>
				<ruri>$calendarpath1:/1.ics</ruri>
				<data>
					<content-type>text/calendar; charset=utf-8</content-type>
					<filepath>Resource/CalDAV/implicit/security/attendeeswitchorganizer/1.ics</filepath>
				</data>
				<verify>
					<callback>statusCode</callback>
				</verify>
			</request>
			<request>
				<method>DELAY</method>
				<ruri>$schedDelay:</ruri>
			</request>
		</test>
		<test name='2'>
			<description>Organizer checks data</description>
			<request print-response='no'>
				<method>GET</method>
				<ruri>$calendarpath1:/1.ics</ruri>
				<verify>
					<callback>calendarDataMatch</callback>
					<arg>
						<name>filepath</name>
						<value>Resource/CalDAV/implicit/security/attendeeswitchorganizer/2.ics</value>
					</arg>
				</verify>
			</request>
		</test>
		<test name='3'>
			<description>Attendee Inbox Item</description>
			<request user="$userid2:" pswd="$pswd2:" print-response='no'>
				<method>PROPFIND</method>
				<ruri>$inboxpath2:/</ruri>
				<header>
					<name>Depth</name>
					<value>1</value>
				</header>
				<data>
					<content-type>application/xml; charset=utf-8</content-type>
					<filepath>Resource/CalDAV/implicit/security/attendeeswitchorganizer/3.xml</filepath>
				</data>
				<verify>
					<callback>multistatusItems</callback>
					<arg>
						<name>count</name>
						<value>1</value>
					</arg>
				</verify>
			</request>
		</test>
		<test name='4'>
			<description>Attendee has data</description>
			<request user="$userid2:" pswd="$pswd2:" print-response='no'>
				<method>GETNEW</method>
				<ruri>$calendarpath2:/</ruri>
				<verify>
					<callback>calendarDataMatch</callback>
					<arg>
						<name>filepath</name>
						<value>Resource/CalDAV/implicit/security/attendeeswitchorganizer/4.ics</value>
					</arg>
				</verify>
			</request>
		</test>
		<test name='5'>
			<description>Attendee deletes Inbox Item</description>
			<request user="$userid2:" pswd="$pswd2:" print-response='no'>
				<method>GETNEW</method>
				<ruri>$inboxpath2:/</ruri>
				<verify>
					<callback>statusCode</callback>
				</verify>
			</request>
			<request user="$userid2:" pswd="$pswd2:" print-response='no'>
				<method>DELETE</method>
				<ruri>$</ruri>
				<verify>
					<callback>statusCode</callback>
					<arg>
						<name>status</name>
						<value>204</value>
					</arg>
				</verify>
			</request>
		</test>
		<test name='6'>
			<description>Attendee Inbox Item</description>
			<request user="$userid3:" pswd="$pswd3:" print-response='no'>
				<method>PROPFIND</method>
				<ruri>$inboxpath3:/</ruri>
				<header>
					<name>Depth</name>
					<value>1</value>
				</header>
				<data>
					<content-type>application/xml; charset=utf-8</content-type>
					<filepath>Resource/CalDAV/implicit/security/attendeeswitchorganizer/3.xml</filepath>
				</data>
				<verify>
					<callback>multistatusItems</callback>
					<arg>
						<name>count</name>
						<value>1</value>
					</arg>
				</verify>
			</request>
		</test>
		<test name='7'>
			<description>Attendee deletes Inbox Item</description>
			<request user="$userid3:" pswd="$pswd3:" print-response='no'>
				<method>GETNEW</method>
				<ruri>$inboxpath3:/</ruri>
				<verify>
					<callback>statusCode</callback>
				</verify>
			</request>
			<request user="$userid3:" pswd="$pswd3:" print-response='no'>
				<method>DELETE</method>
				<ruri>$</ruri>
				<verify>
					<callback>statusCode</callback>
					<arg>
						<name>status</name>
						<value>204</value>
					</arg>
				</verify>
			</request>
		</test>
		<test name='8'>
			<description>Attendee has data</description>
			<request user="$userid3:" pswd="$pswd3:" print-response='no'>
				<method>GETNEW</method>
				<ruri>$calendarpath3:/</ruri>
				<verify>
					<callback>calendarDataMatch</callback>
					<arg>
						<name>filepath</name>
						<value>Resource/CalDAV/implicit/security/attendeeswitchorganizer/4.ics</value>
					</arg>
				</verify>
			</request>
		</test>
		<test name='9'>
			<description>Malicious user tries to change ORGANIZER</description>
			<request user="$userid3:" pswd="$pswd3:" print-response='no'>
				<method>PUT</method>
				<ruri>$</ruri>
				<data>
					<content-type>text/calendar; charset=utf-8</content-type>
					<filepath>Resource/CalDAV/implicit/security/attendeeswitchorganizer/7.ics</filepath>
				</data>
				<verify>
					<callback>statusCode</callback>
					<arg>
						<name>status</name>
						<value>403</value>
					</arg>
				</verify>
			</request>
			<request>
				<method>DELAY</method>
				<ruri>$schedDelay:</ruri>
			</request>
		</test>
		<test name='10'>
			<description>Organizer checks same data</description>
			<request print-response='no'>
				<method>GET</method>
				<ruri>$calendarpath1:/1.ics</ruri>
				<verify>
					<callback>calendarDataMatch</callback>
					<arg>
						<name>filepath</name>
						<value>Resource/CalDAV/implicit/security/attendeeswitchorganizer/2.ics</value>
					</arg>
				</verify>
			</request>
		</test>
		<test name='11'>
			<description>Attendee has same data</description>
			<request user="$userid2:" pswd="$pswd2:" print-response='no'>
				<method>GETNEW</method>
				<ruri>$calendarpath2:/</ruri>
				<verify>
					<callback>calendarDataMatch</callback>
					<arg>
						<name>filepath</name>
						<value>Resource/CalDAV/implicit/security/attendeeswitchorganizer/4.ics</value>
					</arg>
				</verify>
			</request>
		</test>
		<test name='12'>
			<description>Attendee has same data</description>
			<request user="$userid3:" pswd="$pswd3:" print-response='no'>
				<method>GETNEW</method>
				<ruri>$calendarpath3:/</ruri>
				<verify>
					<callback>calendarDataMatch</callback>
					<arg>
						<name>filepath</name>
						<value>Resource/CalDAV/implicit/security/attendeeswitchorganizer/4.ics</value>
					</arg>
				</verify>
			</request>
		</test>
		<test name='13'>
			<description>Clean-up</description>
			<request user="$userid1:" pswd="$pswd1:">
				<method>DELETEALL</method>
				<ruri>$calendarpath1:/</ruri>
				<ruri>$inboxpath1:/</ruri>
			</request>
			<request user="$userid2:" pswd="$pswd2:">
				<method>DELETEALL</method>
				<ruri>$calendarpath2:/</ruri>
				<ruri>$inboxpath2:/</ruri>
			</request>
			<request user="$userid3:" pswd="$pswd3:">
				<method>DELETEALL</method>
				<ruri>$calendarpath3:/</ruri>
				<ruri>$inboxpath3:/</ruri>
			</request>
		</test>
	</test-suite>
	
	<test-suite name='Prevent ORGANIZER switching ORGANIZER without them as ATTENDEE via overwrite' ignore='no'>
		<test name='1'>
			<description>Organizer invites Attendees</description>
			<request print-response='no'>
				<method>PUT</method>
				<ruri>$calendarpath1:/1.ics</ruri>
				<data>
					<content-type>text/calendar; charset=utf-8</content-type>
					<filepath>Resource/CalDAV/implicit/security/organizerswitchbogusorganizer/1.ics</filepath>
				</data>
				<verify>
					<callback>statusCode</callback>
				</verify>
			</request>
		</test>
		<test name='2'>
			<description>Organizer checks data</description>
			<request print-response='no'>
				<method>GET</method>
				<ruri>$calendarpath1:/1.ics</ruri>
				<verify>
					<callback>calendarDataMatch</callback>
					<arg>
						<name>filepath</name>
						<value>Resource/CalDAV/implicit/security/organizerswitchbogusorganizer/2.ics</value>
					</arg>
				</verify>
			</request>
		</test>
		<test name='3'>
			<description>Attendee Inbox Item</description>
			<request user="$userid2:" pswd="$pswd2:" print-response='no'>
				<method>PROPFIND</method>
				<ruri>$inboxpath2:/</ruri>
				<header>
					<name>Depth</name>
					<value>1</value>
				</header>
				<data>
					<content-type>application/xml; charset=utf-8</content-type>
					<filepath>Resource/Common/PROPFIND/count.xml</filepath>
				</data>
				<verify>
					<callback>multistatusItems</callback>
					<arg>
						<name>count</name>
						<value>1</value>
					</arg>
				</verify>
			</request>
		</test>
		<test name='4'>
			<description>Attendee deletes Inbox Item</description>
			<request user="$userid2:" pswd="$pswd2:" print-response='no'>
				<method>GETNEW</method>
				<ruri>$inboxpath2:/</ruri>
				<verify>
					<callback>statusCode</callback>
				</verify>
			</request>
			<request user="$userid2:" pswd="$pswd2:" print-response='no'>
				<method>DELETE</method>
				<ruri>$</ruri>
				<verify>
					<callback>statusCode</callback>
					<arg>
						<name>status</name>
						<value>204</value>
					</arg>
				</verify>
			</request>
		</test>
		<test name='5'>
			<description>Attendee has data</description>
			<request user="$userid2:" pswd="$pswd2:" print-response='no'>
				<method>GETNEW</method>
				<ruri>$calendarpath2:/</ruri>
				<verify>
					<callback>calendarDataMatch</callback>
					<arg>
						<name>filepath</name>
						<value>Resource/CalDAV/implicit/security/organizerswitchbogusorganizer/3.ics</value>
					</arg>
				</verify>
			</request>
		</test>
		<test name='6'>
			<description>Bad client tries to change ORGANIZER</description>
			<request print-response='no'>
				<method>PUT</method>
				<ruri>$calendarpath1:/1.ics</ruri>
				<data>
					<content-type>text/calendar; charset=utf-8</content-type>
					<filepath>Resource/CalDAV/implicit/security/organizerswitchbogusorganizer/4.ics</filepath>
				</data>
				<verify>
					<callback>statusCode</callback>
					<arg>
						<name>status</name>
						<value>403</value>
					</arg>
				</verify>
			</request>
		</test>
		<test name='7'>
			<description>Organizer checks same data</description>
			<request print-response='no'>
				<method>GET</method>
				<ruri>$calendarpath1:/1.ics</ruri>
				<verify>
					<callback>calendarDataMatch</callback>
					<arg>
						<name>filepath</name>
						<value>Resource/CalDAV/implicit/security/organizerswitchbogusorganizer/2.ics</value>
					</arg>
				</verify>
			</request>
		</test>
		<test name='8'>
			<description>Attendee has same data</description>
			<request user="$userid2:" pswd="$pswd2:" print-response='no'>
				<method>GETNEW</method>
				<ruri>$calendarpath2:/</ruri>
				<verify>
					<callback>calendarDataMatch</callback>
					<arg>
						<name>filepath</name>
						<value>Resource/CalDAV/implicit/security/organizerswitchbogusorganizer/3.ics</value>
					</arg>
				</verify>
			</request>
		</test>
		<test name='9'>
			<description>Attendee has same data</description>
			<request user="$userid3:" pswd="$pswd3:" print-response='no'>
				<method>GETNEW</method>
				<ruri>$calendarpath3:/</ruri>
				<verify>
					<callback>calendarDataMatch</callback>
					<arg>
						<name>filepath</name>
						<value>Resource/CalDAV/implicit/security/organizerswitchbogusorganizer/3.ics</value>
					</arg>
				</verify>
			</request>
		</test>
		<test name='10'>
			<description>Clean-up</description>
			<request user="$userid1:" pswd="$pswd1:">
				<method>DELETEALL</method>
				<ruri>$calendarpath1:/</ruri>
				<ruri>$inboxpath1:/</ruri>
			</request>
			<request user="$userid2:" pswd="$pswd2:">
				<method>DELETEALL</method>
				<ruri>$calendarpath2:/</ruri>
				<ruri>$inboxpath2:/</ruri>
			</request>
			<request user="$userid3:" pswd="$pswd3:">
				<method>DELETEALL</method>
				<ruri>$calendarpath3:/</ruri>
				<ruri>$inboxpath3:/</ruri>
			</request>
		</test>
	</test-suite>
	
	<test-suite name='Prevent ATTENDEE switching ORGANIZER without them as ATTENDEE via overwrite' ignore='no'>
		<test name='1'>
			<description>Organizer invites Attendees</description>
			<request print-response='no'>
				<method>PUT</method>
				<ruri>$calendarpath1:/1.ics</ruri>
				<data>
					<content-type>text/calendar; charset=utf-8</content-type>
					<filepath>Resource/CalDAV/implicit/security/attendeeswitchbogusorganizer/1.ics</filepath>
				</data>
				<verify>
					<callback>statusCode</callback>
				</verify>
			</request>
		</test>
		<test name='2'>
			<description>Organizer checks data</description>
			<request print-response='no'>
				<method>GET</method>
				<ruri>$calendarpath1:/1.ics</ruri>
				<verify>
					<callback>calendarDataMatch</callback>
					<arg>
						<name>filepath</name>
						<value>Resource/CalDAV/implicit/security/attendeeswitchbogusorganizer/2.ics</value>
					</arg>
				</verify>
			</request>
		</test>
		<test name='3'>
			<description>Attendee Inbox Item</description>
			<request user="$userid2:" pswd="$pswd2:" print-response='no'>
				<method>PROPFIND</method>
				<ruri>$inboxpath2:/</ruri>
				<header>
					<name>Depth</name>
					<value>1</value>
				</header>
				<data>
					<content-type>application/xml; charset=utf-8</content-type>
					<filepath>Resource/Common/PROPFIND/count.xml</filepath>
				</data>
				<verify>
					<callback>multistatusItems</callback>
					<arg>
						<name>count</name>
						<value>1</value>
					</arg>
				</verify>
			</request>
		</test>
		<test name='4'>
			<description>Attendee deletes Inbox Item</description>
			<request user="$userid2:" pswd="$pswd2:" print-response='no'>
				<method>GETNEW</method>
				<ruri>$inboxpath2:/</ruri>
				<verify>
					<callback>statusCode</callback>
				</verify>
			</request>
			<request user="$userid2:" pswd="$pswd2:" print-response='no'>
				<method>DELETE</method>
				<ruri>$</ruri>
				<verify>
					<callback>statusCode</callback>
					<arg>
						<name>status</name>
						<value>204</value>
					</arg>
				</verify>
			</request>
		</test>
		<test name='5'>
			<description>Attendee has data</description>
			<request user="$userid2:" pswd="$pswd2:" print-response='no'>
				<method>GETNEW</method>
				<ruri>$calendarpath2:/</ruri>
				<verify>
					<callback>calendarDataMatch</callback>
					<arg>
						<name>filepath</name>
						<value>Resource/CalDAV/implicit/security/attendeeswitchbogusorganizer/3.ics</value>
					</arg>
				</verify>
			</request>
		</test>
		<test name='6'>
			<description>Bad client tries to change ORGANIZER</description>
			<request user="$userid2:" pswd="$pswd2:" print-response='no'>
				<method>PUT</method>
				<ruri>$</ruri>
				<data>
					<content-type>text/calendar; charset=utf-8</content-type>
					<filepath>Resource/CalDAV/implicit/security/attendeeswitchbogusorganizer/4.ics</filepath>
				</data>
				<verify>
					<callback>statusCode</callback>
					<arg>
						<name>status</name>
						<value>403</value>
					</arg>
				</verify>
			</request>
		</test>
		<test name='7'>
			<description>Organizer checks same data</description>
			<request print-response='no'>
				<method>GET</method>
				<ruri>$calendarpath1:/1.ics</ruri>
				<verify>
					<callback>calendarDataMatch</callback>
					<arg>
						<name>filepath</name>
						<value>Resource/CalDAV/implicit/security/attendeeswitchbogusorganizer/2.ics</value>
					</arg>
				</verify>
			</request>
		</test>
		<test name='8'>
			<description>Attendee has same data</description>
			<request user="$userid2:" pswd="$pswd2:" print-response='no'>
				<method>GETNEW</method>
				<ruri>$calendarpath2:/</ruri>
				<verify>
					<callback>calendarDataMatch</callback>
					<arg>
						<name>filepath</name>
						<value>Resource/CalDAV/implicit/security/attendeeswitchbogusorganizer/3.ics</value>
					</arg>
				</verify>
			</request>
		</test>
		<test name='9'>
			<description>Attendee has same data</description>
			<request user="$userid3:" pswd="$pswd3:" print-response='no'>
				<method>GETNEW</method>
				<ruri>$calendarpath3:/</ruri>
				<verify>
					<callback>calendarDataMatch</callback>
					<arg>
						<name>filepath</name>
						<value>Resource/CalDAV/implicit/security/attendeeswitchbogusorganizer/3.ics</value>
					</arg>
				</verify>
			</request>
		</test>
		<test name='10'>
			<description>Clean-up</description>
			<request user="$userid1:" pswd="$pswd1:">
				<method>DELETEALL</method>
				<ruri>$calendarpath1:/</ruri>
				<ruri>$inboxpath1:/</ruri>
			</request>
			<request user="$userid2:" pswd="$pswd2:">
				<method>DELETEALL</method>
				<ruri>$calendarpath2:/</ruri>
				<ruri>$inboxpath2:/</ruri>
			</request>
			<request user="$userid3:" pswd="$pswd3:">
				<method>DELETEALL</method>
				<ruri>$calendarpath3:/</ruri>
				<ruri>$inboxpath3:/</ruri>
			</request>
		</test>
	</test-suite>
	
	<end/>
	
</caldavtest>
