<?xml version="1.0" standalone="no"?>

<!DOCTYPE caldavtest SYSTEM "caldavtest.dtd">

<!--
 Copyright (c) 2006-2010 Apple Inc. All rights reserved.

 Licensed under the Apache License, Version 2.0 (the "License");
 you may not use this file except in compliance with the License.
 You may obtain a copy of the License at

  http://www.apache.org/licenses/LICENSE-2.0

 Unless required by applicable law or agreed to in writing, software
 distributed under the License is distributed on an "AS IS" BASIS,
 WITHOUT WARRANTIES OR CONDITIONS OF ANY KIND, either express or implied.
 See the License for the specific language governing permissions and
 limitations under the License.
 -->

<caldavtest>
	<description>Test default calendar behavior in CalDAV</description>

	<require-feature>
		<feature>caldav</feature>
		<feature>implicit-scheduling</feature>
	</require-feature>

	<start>
		<request end-delete="yes">
			<method>MKCALENDAR</method>
			<ruri>$calendarhome1:/calendar-test/</ruri>
		</request>
	</start>
	
	<test-suite name='Default Property' ignore='no'>
		<test name='1'>
			<description>Look for property on inbox</description>
			<request print-response="no">
				<method>PROPFIND</method>
				<ruri>$inboxpath1:/</ruri>
				<header>
					<name>Depth</name>
					<value>0</value>
				</header>
				<data>
					<content-type>text/xml; charset=utf-8</content-type>
					<filepath>Resource/CalDAV/implicit/defaultcalendar/1.xml</filepath>
				</data>
				<verify>
					<callback>propfindItems</callback>
					<arg>
						<name>okprops</name>
						<value><![CDATA[{urn:ietf:params:xml:ns:caldav}schedule-default-calendar-URL$<href xmlns="DAV:">$calendarpath1:</href>]]></value>
					</arg>
				</verify>
			</request>
		</test>
	</test-suite>
	
	<test-suite name='Set empty Property' ignore='no'>
		<test name='1'>
			<description>Set property on Inbox</description>
			<request print-response='no'>
				<method>PROPPATCH</method>
				<ruri>$inboxpath1:/</ruri>
				<data>
					<content-type>text/xml; charset=utf-8</content-type>
					<filepath>Resource/CalDAV/implicit/defaultcalendar/4.xml</filepath>
				</data>
				<verify>
					<callback>propfindItems</callback>
					<arg>
						<name>badprops</name>
						<value>{urn:ietf:params:xml:ns:caldav}schedule-default-calendar-URL</value>
					</arg>
				</verify>
			</request>
		</test>
		<test name='2'>
			<description>Verify property on inbox</description>
			<request print-response="no">
				<method>PROPFIND</method>
				<ruri>$inboxpath1:/</ruri>
				<header>
					<name>Depth</name>
					<value>0</value>
				</header>
				<data>
					<content-type>text/xml; charset=utf-8</content-type>
					<filepath>Resource/CalDAV/implicit/defaultcalendar/1.xml</filepath>
				</data>
				<verify>
					<callback>propfindItems</callback>
					<arg>
						<name>okprops</name>
						<value><![CDATA[{urn:ietf:params:xml:ns:caldav}schedule-default-calendar-URL$<href xmlns="DAV:">$calendarpath1:</href>]]></value>
					</arg>
				</verify>
			</request>
		</test>
	</test-suite>
	
	<test-suite name='Set valid Property' ignore='no'>
		<test name='1'>
			<description>Look for existing property on inbox</description>
			<request print-response="no">
				<method>PROPFIND</method>
				<ruri>$inboxpath1:/</ruri>
				<header>
					<name>Depth</name>
					<value>0</value>
				</header>
				<data>
					<content-type>text/xml; charset=utf-8</content-type>
					<filepath>Resource/CalDAV/implicit/defaultcalendar/1.xml</filepath>
				</data>
				<verify>
					<callback>propfindItems</callback>
					<arg>
						<name>okprops</name>
						<value><![CDATA[{urn:ietf:params:xml:ns:caldav}schedule-default-calendar-URL$<href xmlns="DAV:">$calendarpath1:</href>]]></value>
					</arg>
				</verify>
			</request>
		</test>
		<test name='2'>
			<description>Set property on Inbox</description>
			<request print-response='no'>
				<method>PROPPATCH</method>
				<ruri>$inboxpath1:/</ruri>
				<data>
					<content-type>text/xml; charset=utf-8</content-type>
					<filepath>Resource/CalDAV/implicit/defaultcalendar/2.xml</filepath>
				</data>
				<verify>
					<callback>propfindItems</callback>
					<arg>
						<name>okprops</name>
						<value>{urn:ietf:params:xml:ns:caldav}schedule-default-calendar-URL</value>
					</arg>
				</verify>
			</request>
		</test>
		<test name='3'>
			<description>Verify property on inbox</description>
			<request print-response="no">
				<method>PROPFIND</method>
				<ruri>$inboxpath1:/</ruri>
				<header>
					<name>Depth</name>
					<value>0</value>
				</header>
				<data>
					<content-type>text/xml; charset=utf-8</content-type>
					<filepath>Resource/CalDAV/implicit/defaultcalendar/1.xml</filepath>
				</data>
				<verify>
					<callback>propfindItems</callback>
					<arg>
						<name>okprops</name>
						<value><![CDATA[{urn:ietf:params:xml:ns:caldav}schedule-default-calendar-URL$<href xmlns="DAV:">$calendarhome1:/calendar-test</href>]]></value>
					</arg>
				</verify>
			</request>
		</test>
	</test-suite>
	
	<test-suite name='Set invalid Property' ignore='no'>
		<test name='1'>
			<description>Set property on Inbox</description>
			<request print-response='no'>
				<method>PROPPATCH</method>
				<ruri>$inboxpath1:/</ruri>
				<data>
					<content-type>text/xml; charset=utf-8</content-type>
					<filepath>Resource/CalDAV/implicit/defaultcalendar/3.xml</filepath>
				</data>
				<verify>
					<callback>propfindItems</callback>
					<arg>
						<name>badprops</name>
						<value>{urn:ietf:params:xml:ns:caldav}schedule-default-calendar-URL</value>
					</arg>
				</verify>
			</request>
		</test>
		<test name='2'>
			<description>Verify property on inbox</description>
			<request print-response="no">
				<method>PROPFIND</method>
				<ruri>$inboxpath1:/</ruri>
				<header>
					<name>Depth</name>
					<value>0</value>
				</header>
				<data>
					<content-type>text/xml; charset=utf-8</content-type>
					<filepath>Resource/CalDAV/implicit/defaultcalendar/1.xml</filepath>
				</data>
				<verify>
					<callback>propfindItems</callback>
					<arg>
						<name>okprops</name>
						<value><![CDATA[{urn:ietf:params:xml:ns:caldav}schedule-default-calendar-URL$<href xmlns="DAV:">$calendarhome1:/calendar-test</href>]]></value>
					</arg>
				</verify>
			</request>
		</test>
	</test-suite>
	
	<test-suite name='Move default calendar' ignore='no'>
		<test name='1'>
			<description>Move calendar</description>
			<request print-response='no'>
				<method>MOVE</method>
				<ruri>$calendarhome1:/calendar-test/</ruri>
				<header>
					<name>Destination</name>
					<value>$host:$calendarhome1:/calendar-moved/</value>
				</header>
				<verify>
					<callback>statusCode</callback>
				</verify>
			</request>
		</test>
		<test name='2'>
			<description>Verify property on inbox</description>
			<request print-response="no">
				<method>PROPFIND</method>
				<ruri>$inboxpath1:/</ruri>
				<header>
					<name>Depth</name>
					<value>0</value>
				</header>
				<data>
					<content-type>text/xml; charset=utf-8</content-type>
					<filepath>Resource/CalDAV/implicit/defaultcalendar/1.xml</filepath>
				</data>
				<verify>
					<callback>propfindItems</callback>
					<arg>
						<name>okprops</name>
						<value><![CDATA[{urn:ietf:params:xml:ns:caldav}schedule-default-calendar-URL$<href xmlns="DAV:">$calendarhome1:/calendar-moved</href>]]></value>
					</arg>
				</verify>
			</request>
		</test>
	</test-suite>
	
	<test-suite name='Delete default calendar' ignore='no'>
		<test name='1'>
			<description>Delete calendar</description>
			<request print-response='no'>
				<method>DELETE</method>
				<ruri>$calendarhome1:/calendar-moved/</ruri>
				<verify>
					<callback>prepostcondition</callback>
					<arg>
						<name>error</name>
						<value>{urn:ietf:params:xml:ns:caldav}default-calendar-delete-allowed</value>
					</arg>
				</verify>
			</request>
		</test>
		<test name='2'>
			<description>Verify property on inbox</description>
			<request print-response="no">
				<method>PROPFIND</method>
				<ruri>$inboxpath1:/</ruri>
				<header>
					<name>Depth</name>
					<value>0</value>
				</header>
				<data>
					<content-type>text/xml; charset=utf-8</content-type>
					<filepath>Resource/CalDAV/implicit/defaultcalendar/1.xml</filepath>
				</data>
				<verify>
					<callback>propfindItems</callback>
					<arg>
						<name>okprops</name>
						<value><![CDATA[{urn:ietf:params:xml:ns:caldav}schedule-default-calendar-URL$<href xmlns="DAV:">$calendarhome1:/calendar-moved</href>]]></value>
					</arg>
				</verify>
			</request>
		</test>
	</test-suite>
	
	<test-suite name='Delete previously default calendar' ignore='no'>
		<test name='1'>
			<description>Set property on Inbox</description>
			<request print-response='no'>
				<method>PROPPATCH</method>
				<ruri>$inboxpath1:/</ruri>
				<data>
					<content-type>text/xml; charset=utf-8</content-type>
					<filepath>Resource/CalDAV/implicit/defaultcalendar/5.xml</filepath>
				</data>
				<verify>
					<callback>propfindItems</callback>
					<arg>
						<name>okprops</name>
						<value>{urn:ietf:params:xml:ns:caldav}schedule-default-calendar-URL</value>
					</arg>
				</verify>
			</request>
		</test>
		<test name='2'>
			<description>Delete calendar</description>
			<request print-response='no'>
				<method>DELETE</method>
				<ruri>$calendarhome1:/calendar-moved/</ruri>
				<verify>
					<callback>statusCode</callback>
				</verify>
			</request>
		</test>
		<test name='3'>
			<description>Verify property on inbox</description>
			<request print-response="no">
				<method>PROPFIND</method>
				<ruri>$inboxpath1:/</ruri>
				<header>
					<name>Depth</name>
					<value>0</value>
				</header>
				<data>
					<content-type>text/xml; charset=utf-8</content-type>
					<filepath>Resource/CalDAV/implicit/defaultcalendar/1.xml</filepath>
				</data>
				<verify>
					<callback>propfindItems</callback>
					<arg>
						<name>okprops</name>
						<value><![CDATA[{urn:ietf:params:xml:ns:caldav}schedule-default-calendar-URL$<href xmlns="DAV:">$calendarpath1:</href>]]></value>
					</arg>
				</verify>
			</request>
		</test>
	</test-suite>
	
	<test-suite name='Set valid Property' ignore='no'>
		<test name='1'>
			<description>Look for existing property on inbox</description>
			<request print-response="no">
				<method>PROPFIND</method>
				<ruri>$inboxpath1:/</ruri>
				<header>
					<name>Depth</name>
					<value>0</value>
				</header>
				<data>
					<content-type>text/xml; charset=utf-8</content-type>
					<filepath>Resource/CalDAV/implicit/defaultcalendar/1.xml</filepath>
				</data>
				<verify>
					<callback>propfindItems</callback>
					<arg>
						<name>okprops</name>
						<value><![CDATA[{urn:ietf:params:xml:ns:caldav}schedule-default-calendar-URL$<href xmlns="DAV:">$calendarpath1:</href>]]></value>
					</arg>
				</verify>
			</request>
			<request>
				<method>MKCALENDAR</method>
				<ruri>$calendarhomealt1:/calendar-test/</ruri>
				<verify>
					<callback>statusCode</callback>
				</verify>
			</request>
		</test>
		<test name='2'>
			<description>Set property on Inbox</description>
			<request print-response='no'>
				<method>PROPPATCH</method>
				<ruri>$inboxpath1:/</ruri>
				<data>
					<content-type>text/xml; charset=utf-8</content-type>
					<filepath>Resource/CalDAV/implicit/defaultcalendar/2.xml</filepath>
				</data>
				<verify>
					<callback>propfindItems</callback>
					<arg>
						<name>okprops</name>
						<value>{urn:ietf:params:xml:ns:caldav}schedule-default-calendar-URL</value>
					</arg>
				</verify>
			</request>
		</test>
		<test name='3'>
			<description>Verify property on inbox</description>
			<request print-response="no">
				<method>PROPFIND</method>
				<ruri>$inboxpath1:/</ruri>
				<header>
					<name>Depth</name>
					<value>0</value>
				</header>
				<data>
					<content-type>text/xml; charset=utf-8</content-type>
					<filepath>Resource/CalDAV/implicit/defaultcalendar/1.xml</filepath>
				</data>
				<verify>
					<callback>propfindItems</callback>
					<arg>
						<name>okprops</name>
						<value><![CDATA[{urn:ietf:params:xml:ns:caldav}schedule-default-calendar-URL$<href xmlns="DAV:">$calendarhome1:/calendar-test</href>]]></value>
					</arg>
				</verify>
			</request>
		</test>
		<test name='4'>
			<description>Set property on Inbox</description>
			<request print-response='no'>
				<method>PROPPATCH</method>
				<ruri>$inboxpath1:/</ruri>
				<data>
					<content-type>text/xml; charset=utf-8</content-type>
					<filepath>Resource/CalDAV/implicit/defaultcalendar/5.xml</filepath>
				</data>
				<verify>
					<callback>propfindItems</callback>
					<arg>
						<name>okprops</name>
						<value>{urn:ietf:params:xml:ns:caldav}schedule-default-calendar-URL</value>
					</arg>
				</verify>
			</request>
		</test>
		<test name='5'>
			<description>Delete calendar</description>
			<request print-response='no'>
				<method>DELETE</method>
				<ruri>$calendarhome1:/calendar-test/</ruri>
				<verify>
					<callback>statusCode</callback>
				</verify>
			</request>
		</test>
	</test-suite>
	
	<end/>
	
</caldavtest>
