<?xml version="1.0" standalone="no"?>

<!DOCTYPE caldavtest SYSTEM "caldavtest.dtd">

<!--
 Copyright (c) 2006-2012 Apple Inc. All rights reserved.

 Licensed under the Apache License, Version 2.0 (the "License");
 you may not use this file except in compliance with the License.
 You may obtain a copy of the License at

  http://www.apache.org/licenses/LICENSE-2.0

 Unless required by applicable law or agreed to in writing, software
 distributed under the License is distributed on an "AS IS" BASIS,
 WITHOUT WARRANTIES OR CONDITIONS OF ANY KIND, either express or implied.
 See the License for the specific language governing permissions and
 limitations under the License.
 -->

<caldavtest>
	<description>Test the Schedule-Tag behavior</description>

	<require-feature>
		<feature>caldav</feature>
		<feature>implicit-scheduling</feature>
	</require-feature>

	<start>
		<request user="$userid1:" pswd="$pswd1:">
			<method>GET</method>
			<ruri>$calendarpath1:/</ruri>
		</request>
		<request user="$userid2:" pswd="$pswd2:">
			<method>GET</method>
			<ruri>$calendarpath2:/</ruri>
		</request>
		<request user="$userid3:" pswd="$pswd3:">
			<method>GET</method>
			<ruri>$calendarpath3:/</ruri>
		</request>
	</start>
	
	<test-suite name='No schedule-tag' ignore='no'>
		<test name='1'>
			<description>Create new event - no header</description>
			<request print-response="no">
				<method>PUT</method>
				<ruri>$calendarpath1:/1.ics</ruri>
				<data>
					<content-type>text/calendar; charset=utf-8</content-type>
					<filepath>Resource/CalDAV/implicit/scheduletag/1.ics</filepath>
				</data>
				<verify>
					<callback>statusCode</callback>
				</verify>
				<verify>
					<callback>header</callback>
					<arg>
						<name>header</name>
						<value>!Schedule-Tag</value>
					</arg>
				</verify>
			</request>
      <request>
        <method>DELAY</method>
        <ruri>$schedDelay:</ruri>
      </request>
		</test>
		<test name='2'>
			<description>No property</description>
			<request print-response="no">
				<method>PROPFIND</method>
				<ruri>$calendarpath1:/1.ics</ruri>
				<header>
					<name>Depth</name>
					<value>1</value>
				</header>
				<data>
					<content-type>text/calendar; charset=utf-8</content-type>
					<filepath>Resource/CalDAV/implicit/scheduletag/2.xml</filepath>
				</data>
				<verify>
					<callback>propfindItems</callback>
					<arg>
						<name>badprops</name>
						<value>{urn:ietf:params:xml:ns:caldav}schedule-tag</value>
					</arg>
				</verify>
			</request>
		</test>
	</test-suite>

	<test-suite name='Update to resource with schedule-tag behavior' ignore='no'>
		<test name='1'>
			<description>Updated event has schedule tag header</description>
			<request print-response="no">
				<method>PUT</method>
				<ruri>$calendarpath1:/1.ics</ruri>
				<data>
					<content-type>text/calendar; charset=utf-8</content-type>
					<filepath>Resource/CalDAV/implicit/scheduletag/3.ics</filepath>
				</data>
				<verify>
					<callback>statusCode</callback>
				</verify>
				<verify>
					<callback>header</callback>
					<arg>
						<name>header</name>
						<value>Schedule-Tag</value>
					</arg>
				</verify>
				<grabheader>
					<name>Schedule-Tag</name>
					<variable>$schedule-tag-organizer:</variable>
				</grabheader>
			</request>
      <request>
        <method>DELAY</method>
        <ruri>$schedDelay:</ruri>
      </request>
		</test>
		<test name='2'>
			<description>Matching property</description>
			<request print-response="no">
				<method>PROPFIND</method>
				<ruri>$calendarpath1:/1.ics</ruri>
				<header>
					<name>Depth</name>
					<value>1</value>
				</header>
				<data>
					<content-type>text/calendar; charset=utf-8</content-type>
					<filepath>Resource/CalDAV/implicit/scheduletag/2.xml</filepath>
				</data>
				<verify>
					<callback>propfindItems</callback>
					<arg>
						<name>okprops</name>
						<value>{urn:ietf:params:xml:ns:caldav}schedule-tag$$schedule-tag-organizer:</value>
					</arg>
				</verify>
			</request>
		</test>
		<test name='3'>
			<description>New attendee event has schedule tag header</description>
			<request user="$userid2:" pswd="$pswd2:" print-response="no">
				<method>GETNEW</method>
				<ruri>$calendarpath2:/</ruri>
				<verify>
					<callback>statusCode</callback>
				</verify>
				<verify>
					<callback>header</callback>
					<arg>
						<name>header</name>
						<value>Schedule-Tag</value>
					</arg>
				</verify>
				<grabheader>
					<name>Schedule-Tag</name>
					<variable>$schedule-tag-attendee:</variable>
				</grabheader>
			</request>
		</test>
		<test name='4'>
			<description>Matching property</description>
			<request user="$userid2:" pswd="$pswd2:" print-response="no">
				<method>PROPFIND</method>
				<ruri>$</ruri>
				<header>
					<name>Depth</name>
					<value>0</value>
				</header>
				<data>
					<content-type>text/calendar; charset=utf-8</content-type>
					<filepath>Resource/CalDAV/implicit/scheduletag/2.xml</filepath>
				</data>
				<verify>
					<callback>propfindItems</callback>
					<arg>
						<name>okprops</name>
						<value>{urn:ietf:params:xml:ns:caldav}schedule-tag$$schedule-tag-attendee:</value>
					</arg>
				</verify>
			</request>
		</test>
	</test-suite>

	<test-suite name='Change to resource with schedule-tag behavior' ignore='no'>
		<test name='1'>
			<description>Updated event has schedule tag header</description>
			<request print-response="no">
				<method>PUT</method>
				<ruri>$calendarpath1:/1.ics</ruri>
				<data>
					<content-type>text/calendar; charset=utf-8</content-type>
					<filepath>Resource/CalDAV/implicit/scheduletag/4.ics</filepath>
				</data>
				<verify>
					<callback>statusCode</callback>
				</verify>
				<verify>
					<callback>header</callback>
					<arg>
						<name>header</name>
						<value>Schedule-Tag!$schedule-tag-organizer:</value>
					</arg>
				</verify>
				<grabheader>
					<name>Schedule-Tag</name>
					<variable>$schedule-tag-organizer-new:</variable>
				</grabheader>
			</request>
      <request>
        <method>DELAY</method>
        <ruri>$schedDelay:</ruri>
      </request>
		</test>
		<test name='2'>
			<description>Matching property</description>
			<request print-response="no">
				<method>PROPFIND</method>
				<ruri>$calendarpath1:/1.ics</ruri>
				<header>
					<name>Depth</name>
					<value>0</value>
				</header>
				<data>
					<content-type>text/calendar; charset=utf-8</content-type>
					<filepath>Resource/CalDAV/implicit/scheduletag/2.xml</filepath>
				</data>
				<verify>
					<callback>propfindItems</callback>
					<arg>
						<name>okprops</name>
						<value>{urn:ietf:params:xml:ns:caldav}schedule-tag$$schedule-tag-organizer-new:</value>
					</arg>
				</verify>
			</request>
		</test>
		<test name='3'>
			<description>New attendee event has schedule tag header</description>
			<request user="$userid2:" pswd="$pswd2:" print-response="no">
				<method>GETNEW</method>
				<ruri>$calendarpath2:/</ruri>
				<verify>
					<callback>statusCode</callback>
				</verify>
				<verify>
					<callback>header</callback>
					<arg>
						<name>header</name>
						<value>Schedule-Tag!$schedule-tag-attendee:</value>
					</arg>
				</verify>
				<grabheader>
					<name>Schedule-Tag</name>
					<variable>$schedule-tag-attendee-new:</variable>
				</grabheader>
			</request>
		</test>
		<test name='4'>
			<description>Matching property</description>
			<request user="$userid2:" pswd="$pswd2:" print-response="no">
				<method>PROPFIND</method>
				<ruri>$</ruri>
				<header>
					<name>Depth</name>
					<value>0</value>
				</header>
				<data>
					<content-type>text/calendar; charset=utf-8</content-type>
					<filepath>Resource/CalDAV/implicit/scheduletag/2.xml</filepath>
				</data>
				<verify>
					<callback>propfindItems</callback>
					<arg>
						<name>okprops</name>
						<value>{urn:ietf:params:xml:ns:caldav}schedule-tag$$schedule-tag-attendee-new:</value>
					</arg>
				</verify>
			</request>
		</test>
	</test-suite>

	<test-suite name='Organizer change to resource with valid If-Schedule-Tag-Match' ignore='no'>
		<test name='1'>
			<description>Updated event has schedule tag header</description>
			<request print-response="no">
				<method>PUT</method>
				<ruri>$calendarpath1:/1.ics</ruri>
				<header>
					<name>If-Schedule-Tag-Match</name>
					<value>$schedule-tag-organizer-new:</value>
				</header>
				<data>
					<content-type>text/calendar; charset=utf-8</content-type>
					<filepath>Resource/CalDAV/implicit/scheduletag/5.ics</filepath>
				</data>
				<verify>
					<callback>statusCode</callback>
				</verify>
				<verify>
					<callback>header</callback>
					<arg>
						<name>header</name>
						<value>Schedule-Tag!$schedule-tag-organizer:</value>
					</arg>
				</verify>
				<grabheader>
					<name>Schedule-Tag</name>
					<variable>$schedule-tag-organizer-new2:</variable>
				</grabheader>
			</request>
      <request>
        <method>DELAY</method>
        <ruri>$schedDelay:</ruri>
      </request>
		</test>
		<test name='2'>
			<description>Matching property</description>
			<request print-response="no">
				<method>PROPFIND</method>
				<ruri>$calendarpath1:/1.ics</ruri>
				<header>
					<name>Depth</name>
					<value>0</value>
				</header>
				<data>
					<content-type>text/calendar; charset=utf-8</content-type>
					<filepath>Resource/CalDAV/implicit/scheduletag/2.xml</filepath>
				</data>
				<verify>
					<callback>propfindItems</callback>
					<arg>
						<name>okprops</name>
						<value>{urn:ietf:params:xml:ns:caldav}schedule-tag$$schedule-tag-organizer-new2:</value>
					</arg>
				</verify>
			</request>
		</test>
		<test name='3'>
			<description>Attendee event has new schedule tag header</description>
			<request user="$userid2:" pswd="$pswd2:" print-response="no">
				<method>GETNEW</method>
				<ruri>$calendarpath2:/</ruri>
				<verify>
					<callback>statusCode</callback>
				</verify>
				<verify>
					<callback>header</callback>
					<arg>
						<name>header</name>
						<value>Schedule-Tag!$schedule-tag-attendee-new:</value>
					</arg>
				</verify>
				<grabheader>
					<name>Schedule-Tag</name>
					<variable>$schedule-tag-attendee-new:</variable>
				</grabheader>
			</request>
		</test>
		<test name='4'>
			<description>Matching property</description>
			<request user="$userid2:" pswd="$pswd2:" print-response="no">
				<method>PROPFIND</method>
				<ruri>$</ruri>
				<header>
					<name>Depth</name>
					<value>0</value>
				</header>
				<data>
					<content-type>text/calendar; charset=utf-8</content-type>
					<filepath>Resource/CalDAV/implicit/scheduletag/2.xml</filepath>
				</data>
				<verify>
					<callback>propfindItems</callback>
					<arg>
						<name>okprops</name>
						<value>{urn:ietf:params:xml:ns:caldav}schedule-tag$$schedule-tag-attendee-new:</value>
					</arg>
				</verify>
			</request>
		</test>
	</test-suite>

	<test-suite name='Organizer change to resource with invalid If-Schedule-Tag-Match' ignore='no'>
		<test name='1'>
			<description>Updated event has schedule tag header</description>
			<request print-response="no">
				<method>PUT</method>
				<ruri>$calendarpath1:/1.ics</ruri>
				<header>
					<name>If-Schedule-Tag-Match</name>
					<value>$schedule-tag-organizer-new:</value>
				</header>
				<data>
					<content-type>text/calendar; charset=utf-8</content-type>
					<filepath>Resource/CalDAV/implicit/scheduletag/5.ics</filepath>
				</data>
				<verify>
					<callback>statusCode</callback>
					<arg>
						<name>status</name>
						<value>412</value>
					</arg>
				</verify>
			</request>
      <request>
        <method>DELAY</method>
        <ruri>$schedDelay:</ruri>
      </request>
		</test>
		<test name='2'>
			<description>Matching property</description>
			<request print-response="no">
				<method>PROPFIND</method>
				<ruri>$calendarpath1:/1.ics</ruri>
				<header>
					<name>Depth</name>
					<value>0</value>
				</header>
				<data>
					<content-type>text/calendar; charset=utf-8</content-type>
					<filepath>Resource/CalDAV/implicit/scheduletag/2.xml</filepath>
				</data>
				<verify>
					<callback>propfindItems</callback>
					<arg>
						<name>okprops</name>
						<value>{urn:ietf:params:xml:ns:caldav}schedule-tag$$schedule-tag-organizer-new2:</value>
					</arg>
				</verify>
			</request>
		</test>
		<test name='3'>
			<description>Attendee event has same schedule tag header</description>
			<request user="$userid2:" pswd="$pswd2:" print-response="no">
				<method>GETNEW</method>
				<ruri>$calendarpath2:/</ruri>
				<verify>
					<callback>statusCode</callback>
				</verify>
				<verify>
					<callback>header</callback>
					<arg>
						<name>header</name>
						<value>Schedule-Tag$$schedule-tag-attendee-new:</value>
					</arg>
				</verify>
			</request>
		</test>
		<test name='4'>
			<description>Matching property</description>
			<request user="$userid2:" pswd="$pswd2:" print-response="no">
				<method>PROPFIND</method>
				<ruri>$</ruri>
				<header>
					<name>Depth</name>
					<value>0</value>
				</header>
				<data>
					<content-type>text/calendar; charset=utf-8</content-type>
					<filepath>Resource/CalDAV/implicit/scheduletag/2.xml</filepath>
				</data>
				<verify>
					<callback>propfindItems</callback>
					<arg>
						<name>okprops</name>
						<value>{urn:ietf:params:xml:ns:caldav}schedule-tag$$schedule-tag-attendee-new:</value>
					</arg>
				</verify>
			</request>
		</test>
	</test-suite>

	<test-suite name='Attendee non-PARTSTAT change to resource with valid If-Schedule-Tag-Match' ignore='no'>
		<test name='1'>
			<description>Updated event has schedule tag header</description>
			<request user="$userid2:" pswd="$pswd2:" print-response="no">
				<method>GETNEW</method>
				<ruri>$calendarpath2:/</ruri>
				<verify>
					<callback>statusCode</callback>
				</verify>
			</request>
			<request user="$userid2:" pswd="$pswd2:" print-response="no">
				<method>PUT</method>
				<ruri>$</ruri>
				<header>
					<name>If-Schedule-Tag-Match</name>
					<value>$schedule-tag-attendee-new:</value>
				</header>
				<data>
					<content-type>text/calendar; charset=utf-8</content-type>
					<filepath>Resource/CalDAV/implicit/scheduletag/6.ics</filepath>
				</data>
				<verify>
					<callback>statusCode</callback>
				</verify>
				<verify>
					<callback>header</callback>
					<arg>
						<name>header</name>
						<value>Schedule-Tag!$schedule-tag-organizer:</value>
					</arg>
				</verify>
				<grabheader>
					<name>Schedule-Tag</name>
					<variable>$schedule-tag-attendee-new2:</variable>
				</grabheader>
			</request>
      <request>
        <method>DELAY</method>
        <ruri>$schedDelay:</ruri>
      </request>
		</test>
		<test name='2'>
			<description>Matching property</description>
			<request user="$userid2:" pswd="$pswd2:" print-response="no">
				<method>PROPFIND</method>
				<ruri>$</ruri>
				<header>
					<name>Depth</name>
					<value>0</value>
				</header>
				<data>
					<content-type>text/calendar; charset=utf-8</content-type>
					<filepath>Resource/CalDAV/implicit/scheduletag/2.xml</filepath>
				</data>
				<verify>
					<callback>propfindItems</callback>
					<arg>
						<name>okprops</name>
						<value>{urn:ietf:params:xml:ns:caldav}schedule-tag$$schedule-tag-attendee-new2:</value>
					</arg>
				</verify>
			</request>
		</test>
		<test name='3'>
			<description>Organizer event has same schedule tag header</description>
			<request print-response="no">
				<method>GET</method>
				<ruri>$calendarpath1:/1.ics</ruri>
				<verify>
					<callback>statusCode</callback>
				</verify>
				<verify>
					<callback>header</callback>
					<arg>
						<name>header</name>
						<value>Schedule-Tag$$schedule-tag-organizer-new2:</value>
					</arg>
				</verify>
			</request>
		</test>
		<test name='4'>
			<description>Matching property</description>
			<request print-response="no">
				<method>PROPFIND</method>
				<ruri>$calendarpath1:/1.ics</ruri>
				<header>
					<name>Depth</name>
					<value>0</value>
				</header>
				<data>
					<content-type>text/calendar; charset=utf-8</content-type>
					<filepath>Resource/CalDAV/implicit/scheduletag/2.xml</filepath>
				</data>
				<verify>
					<callback>propfindItems</callback>
					<arg>
						<name>okprops</name>
						<value>{urn:ietf:params:xml:ns:caldav}schedule-tag$$schedule-tag-organizer-new2:</value>
					</arg>
				</verify>
			</request>
		</test>
	</test-suite>

	<test-suite name='Attendee change to resource with invalid If-Schedule-Tag-Match' ignore='no'>
		<test name='1'>
			<description>Updated event has schedule tag header</description>
			<request user="$userid2:" pswd="$pswd2:" print-response="no">
				<method>PUT</method>
				<ruri>$</ruri>
				<header>
					<name>If-Schedule-Tag-Match</name>
					<value>$schedule-tag-attendee-new:</value>
				</header>
				<data>
					<content-type>text/calendar; charset=utf-8</content-type>
					<filepath>Resource/CalDAV/implicit/scheduletag/5.ics</filepath>
				</data>
				<verify>
					<callback>statusCode</callback>
					<arg>
						<name>status</name>
						<value>412</value>
					</arg>
				</verify>
			</request>
      <request>
        <method>DELAY</method>
        <ruri>$schedDelay:</ruri>
      </request>
		</test>
		<test name='2'>
			<description>Matching property</description>
			<request user="$userid2:" pswd="$pswd2:" print-response="no">
				<method>PROPFIND</method>
				<ruri>$</ruri>
				<header>
					<name>Depth</name>
					<value>0</value>
				</header>
				<data>
					<content-type>text/calendar; charset=utf-8</content-type>
					<filepath>Resource/CalDAV/implicit/scheduletag/2.xml</filepath>
				</data>
				<verify>
					<callback>propfindItems</callback>
					<arg>
						<name>okprops</name>
						<value>{urn:ietf:params:xml:ns:caldav}schedule-tag$$schedule-tag-attendee-new2:</value>
					</arg>
				</verify>
			</request>
		</test>
		<test name='3'>
			<description>Organizer event has same schedule tag header</description>
			<request print-response="no">
				<method>GET</method>
				<ruri>$calendarpath1:/1.ics</ruri>
				<verify>
					<callback>statusCode</callback>
				</verify>
				<verify>
					<callback>header</callback>
					<arg>
						<name>header</name>
						<value>Schedule-Tag$$schedule-tag-organizer-new2:</value>
					</arg>
				</verify>
			</request>
		</test>
		<test name='4'>
			<description>Matching property</description>
			<request print-response="no">
				<method>PROPFIND</method>
				<ruri>$calendarpath1:/1.ics</ruri>
				<header>
					<name>Depth</name>
					<value>0</value>
				</header>
				<data>
					<content-type>text/calendar; charset=utf-8</content-type>
					<filepath>Resource/CalDAV/implicit/scheduletag/2.xml</filepath>
				</data>
				<verify>
					<callback>propfindItems</callback>
					<arg>
						<name>okprops</name>
						<value>{urn:ietf:params:xml:ns:caldav}schedule-tag$$schedule-tag-organizer-new2:</value>
					</arg>
				</verify>
			</request>
		</test>
	</test-suite>

	<test-suite name='Remove resource schedule-tag behavior' ignore='no'>
		<test name='1'>
			<description>Updated event has schedule tag header</description>
			<request print-response="no">
				<method>PUT</method>
				<ruri>$calendarpath1:/1.ics</ruri>
				<data>
					<content-type>text/calendar; charset=utf-8</content-type>
					<filepath>Resource/CalDAV/implicit/scheduletag/1.ics</filepath>
				</data>
				<verify>
					<callback>statusCode</callback>
				</verify>
				<verify>
					<callback>header</callback>
					<arg>
						<name>header</name>
						<value>!Schedule-Tag</value>
					</arg>
				</verify>
			</request>
      <request>
        <method>DELAY</method>
        <ruri>$schedDelay:</ruri>
      </request>
		</test>
		<test name='2'>
			<description>Matching property</description>
			<request print-response="no">
				<method>PROPFIND</method>
				<ruri>$calendarpath1:/1.ics</ruri>
				<header>
					<name>Depth</name>
					<value>0</value>
				</header>
				<data>
					<content-type>text/calendar; charset=utf-8</content-type>
					<filepath>Resource/CalDAV/implicit/scheduletag/2.xml</filepath>
				</data>
				<verify>
					<callback>propfindItems</callback>
					<arg>
						<name>badprops</name>
						<value>{urn:ietf:params:xml:ns:caldav}schedule-tag</value>
					</arg>
				</verify>
			</request>
		</test>
		<test name='5'>
			<description>Clean-up</description>
			<request user="$useradmin:" pswd="$pswdadmin:">
				<method>DELETEALL</method>
				<ruri>$calendarpath1:/</ruri>
				<ruri>$inboxpath1:/</ruri>
				<ruri>$calendarpath2:/</ruri>
				<ruri>$inboxpath2:/</ruri>
			</request>
		</test>
	</test-suite>

	<test-suite name='New resource schedule-tag behavior' ignore='no'>
		<test name='1'>
			<description>New event has schedule tag header</description>
			<request print-response="no">
				<method>PUT</method>
				<ruri>$calendarpath1:/2.ics</ruri>
				<data>
					<content-type>text/calendar; charset=utf-8</content-type>
					<filepath>Resource/CalDAV/implicit/scheduletag/7.ics</filepath>
				</data>
				<verify>
					<callback>statusCode</callback>
				</verify>
				<verify>
					<callback>header</callback>
					<arg>
						<name>header</name>
						<value>Schedule-Tag</value>
					</arg>
				</verify>
				<grabheader>
					<name>Schedule-Tag</name>
					<variable>$schedule-tag-organizer:</variable>
				</grabheader>
			</request>
      <request>
        <method>DELAY</method>
        <ruri>$schedDelay:</ruri>
      </request>
		</test>
		<test name='2'>
			<description>Matching property</description>
			<request print-response="no">
				<method>PROPFIND</method>
				<ruri>$calendarpath1:/2.ics</ruri>
				<header>
					<name>Depth</name>
					<value>0</value>
				</header>
				<data>
					<content-type>text/calendar; charset=utf-8</content-type>
					<filepath>Resource/CalDAV/implicit/scheduletag/2.xml</filepath>
				</data>
				<verify>
					<callback>propfindItems</callback>
					<arg>
						<name>okprops</name>
						<value>{urn:ietf:params:xml:ns:caldav}schedule-tag$$schedule-tag-organizer:</value>
					</arg>
				</verify>
			</request>
		</test>
		<test name='3'>
			<description>New attendee event has schedule tag header</description>
			<request user="$userid2:" pswd="$pswd2:" print-response="no">
				<method>GETNEW</method>
				<ruri>$calendarpath2:/</ruri>
				<verify>
					<callback>statusCode</callback>
				</verify>
				<verify>
					<callback>header</callback>
					<arg>
						<name>header</name>
						<value>Schedule-Tag</value>
					</arg>
				</verify>
				<grabheader>
					<name>Schedule-Tag</name>
					<variable>$schedule-tag-attendee02:</variable>
				</grabheader>
			</request>
		</test>
		<test name='4'>
			<description>Matching property</description>
			<request user="$userid2:" pswd="$pswd2:" print-response="no">
				<method>PROPFIND</method>
				<ruri>$</ruri>
				<header>
					<name>Depth</name>
					<value>0</value>
				</header>
				<data>
					<content-type>text/calendar; charset=utf-8</content-type>
					<filepath>Resource/CalDAV/implicit/scheduletag/2.xml</filepath>
				</data>
				<verify>
					<callback>propfindItems</callback>
					<arg>
						<name>okprops</name>
						<value>{urn:ietf:params:xml:ns:caldav}schedule-tag$$schedule-tag-attendee02:</value>
					</arg>
				</verify>
			</request>
		</test>
		<test name='5'>
			<description>New attendee event has schedule tag header</description>
			<request user="$userid3:" pswd="$pswd3:" print-response="no">
				<method>GETNEW</method>
				<ruri>$calendarpath3:/</ruri>
				<verify>
					<callback>statusCode</callback>
				</verify>
				<verify>
					<callback>header</callback>
					<arg>
						<name>header</name>
						<value>Schedule-Tag</value>
					</arg>
				</verify>
				<grabheader>
					<name>Schedule-Tag</name>
					<variable>$schedule-tag-attendee03:</variable>
				</grabheader>
			</request>
		</test>
		<test name='6'>
			<description>Matching property</description>
			<request user="$userid3:" pswd="$pswd3:" print-response="no">
				<method>PROPFIND</method>
				<ruri>$</ruri>
				<header>
					<name>Depth</name>
					<value>0</value>
				</header>
				<data>
					<content-type>text/calendar; charset=utf-8</content-type>
					<filepath>Resource/CalDAV/implicit/scheduletag/2.xml</filepath>
				</data>
				<verify>
					<callback>propfindItems</callback>
					<arg>
						<name>okprops</name>
						<value>{urn:ietf:params:xml:ns:caldav}schedule-tag$$schedule-tag-attendee03:</value>
					</arg>
				</verify>
			</request>
		</test>
	</test-suite>

	<test-suite name='Organizer change' ignore='no'>
		<test name='1'>
			<description>Updated event has changed schedule tag header</description>
			<request print-response="no">
				<method>PUT</method>
				<ruri>$calendarpath1:/2.ics</ruri>
				<header>
					<name>If-Schedule-Tag-Match</name>
					<value>$schedule-tag-organizer:</value>
				</header>
				<data>
					<content-type>text/calendar; charset=utf-8</content-type>
					<filepath>Resource/CalDAV/implicit/scheduletag/8.ics</filepath>
				</data>
				<verify>
					<callback>statusCode</callback>
				</verify>
				<verify>
					<callback>header</callback>
					<arg>
						<name>header</name>
						<value>Schedule-Tag!$schedule-tag-organizer:</value>
					</arg>
				</verify>
				<grabheader>
					<name>Schedule-Tag</name>
					<variable>$schedule-tag-organizer:</variable>
				</grabheader>
			</request>
      <request>
        <method>DELAY</method>
        <ruri>$schedDelay:</ruri>
      </request>
		</test>
		<test name='2'>
			<description>Matching property</description>
			<request print-response="no">
				<method>PROPFIND</method>
				<ruri>$calendarpath1:/2.ics</ruri>
				<header>
					<name>Depth</name>
					<value>0</value>
				</header>
				<data>
					<content-type>text/calendar; charset=utf-8</content-type>
					<filepath>Resource/CalDAV/implicit/scheduletag/9.xml</filepath>
				</data>
				<verify>
					<callback>propfindItems</callback>
					<arg>
						<name>okprops</name>
						<value>{urn:ietf:params:xml:ns:caldav}schedule-tag$$schedule-tag-organizer:</value>
						<value>{DAV:}getetag</value>
					</arg>
				</verify>
				<grabproperty>
					<property>{DAV:}getetag</property>
					<variable>$etag-organizer:</variable>
				</grabproperty>
			</request>
		</test>
		<test name='3'>
			<description>Attendee event has changed schedule tag header</description>
			<request user="$userid2:" pswd="$pswd2:" print-response="no">
				<method>GETNEW</method>
				<ruri>$calendarpath2:/</ruri>
				<verify>
					<callback>statusCode</callback>
				</verify>
				<verify>
					<callback>header</callback>
					<arg>
						<name>header</name>
						<value>Schedule-Tag!$schedule-tag-attendee02:</value>
					</arg>
				</verify>
				<grabheader>
					<name>Schedule-Tag</name>
					<variable>$schedule-tag-attendee02:</variable>
				</grabheader>
			</request>
		</test>
		<test name='4'>
			<description>Matching property</description>
			<request user="$userid2:" pswd="$pswd2:" print-response="no">
				<method>PROPFIND</method>
				<ruri>$</ruri>
				<header>
					<name>Depth</name>
					<value>0</value>
				</header>
				<data>
					<content-type>text/calendar; charset=utf-8</content-type>
					<filepath>Resource/CalDAV/implicit/scheduletag/9.xml</filepath>
				</data>
				<verify>
					<callback>propfindItems</callback>
					<arg>
						<name>okprops</name>
						<value>{urn:ietf:params:xml:ns:caldav}schedule-tag$$schedule-tag-attendee02:</value>
						<value>{DAV:}getetag</value>
					</arg>
				</verify>
				<grabproperty>
					<property>{DAV:}getetag</property>
					<variable>$etag-attendee02:</variable>
				</grabproperty>
			</request>
		</test>
		<test name='5'>
			<description>New attendee event has changed schedule tag header</description>
			<request user="$userid3:" pswd="$pswd3:" print-response="no">
				<method>GETNEW</method>
				<ruri>$calendarpath3:/</ruri>
				<verify>
					<callback>statusCode</callback>
				</verify>
				<verify>
					<callback>header</callback>
					<arg>
						<name>header</name>
						<value>Schedule-Tag!$schedule-tag-attendee03:</value>
					</arg>
				</verify>
				<grabheader>
					<name>Schedule-Tag</name>
					<variable>$schedule-tag-attendee03:</variable>
				</grabheader>
			</request>
		</test>
		<test name='6'>
			<description>Matching property</description>
			<request user="$userid3:" pswd="$pswd3:" print-response="no">
				<method>PROPFIND</method>
				<ruri>$</ruri>
				<header>
					<name>Depth</name>
					<value>0</value>
				</header>
				<data>
					<content-type>text/calendar; charset=utf-8</content-type>
					<filepath>Resource/CalDAV/implicit/scheduletag/9.xml</filepath>
				</data>
				<verify>
					<callback>propfindItems</callback>
					<arg>
						<name>okprops</name>
						<value>{urn:ietf:params:xml:ns:caldav}schedule-tag$$schedule-tag-attendee03:</value>
						<value>{DAV:}getetag</value>
					</arg>
				</verify>
				<grabproperty>
					<property>{DAV:}getetag</property>
					<variable>$etag-attendee03:</variable>
				</grabproperty>
			</request>
		</test>
	</test-suite>

	<test-suite name='Attendee 02 change' ignore='no'>
		<test name='1'>
			<description>Updated event has changed schedule tag header</description>
			<request user="$userid2:" pswd="$pswd2:" print-response="no">
				<method>GETNEW</method>
				<ruri>$calendarpath2:/</ruri>
				<verify>
					<callback>statusCode</callback>
				</verify>
			</request>
			<request user="$userid2:" pswd="$pswd2:" print-response="no">
				<method>PUT</method>
				<ruri>$</ruri>
				<header>
					<name>If-Schedule-Tag-Match</name>
					<value>$schedule-tag-attendee02:</value>
				</header>
				<data>
					<content-type>text/calendar; charset=utf-8</content-type>
					<filepath>Resource/CalDAV/implicit/scheduletag/10.ics</filepath>
				</data>
				<verify>
					<callback>statusCode</callback>
				</verify>
				<verify>
					<callback>header</callback>
					<arg>
						<name>header</name>
						<value>Schedule-Tag!$schedule-tag-attendee02:</value>
					</arg>
				</verify>
				<grabheader>
					<name>Schedule-Tag</name>
					<variable>$schedule-tag-attendee02:</variable>
				</grabheader>
			</request>
      <request>
        <method>DELAY</method>
        <ruri>$schedDelay:</ruri>
      </request>
		</test>
		<test name='2'>
			<description>Matching property</description>
			<request user="$userid2:" pswd="$pswd2:" print-response="no">
				<method>PROPFIND</method>
				<ruri>$</ruri>
				<header>
					<name>Depth</name>
					<value>0</value>
				</header>
				<data>
					<content-type>text/calendar; charset=utf-8</content-type>
					<filepath>Resource/CalDAV/implicit/scheduletag/9.xml</filepath>
				</data>
				<verify>
					<callback>propfindItems</callback>
					<arg>
						<name>okprops</name>
						<value>{urn:ietf:params:xml:ns:caldav}schedule-tag$$schedule-tag-attendee02:</value>
						<value>{DAV:}getetag!$etag-attendee02:</value>
					</arg>
				</verify>
				<grabproperty>
					<property>{DAV:}getetag</property>
					<variable>$etag-attendee02:</variable>
				</grabproperty>
			</request>
		</test>
		<test name='3'>
			<description>Organizer has same schedule tag header</description>
			<request print-response="no">
				<method>GET</method>
				<ruri>$calendarpath1:/2.ics</ruri>
				<verify>
					<callback>statusCode</callback>
				</verify>
				<verify>
					<callback>header</callback>
					<arg>
						<name>header</name>
						<value>Schedule-Tag$$schedule-tag-organizer:</value>
					</arg>
				</verify>
			</request>
		</test>
		<test name='4'>
			<description>Matching property</description>
			<request print-response="no">
				<method>PROPFIND</method>
				<ruri>$calendarpath1:/2.ics</ruri>
				<header>
					<name>Depth</name>
					<value>0</value>
				</header>
				<data>
					<content-type>text/calendar; charset=utf-8</content-type>
					<filepath>Resource/CalDAV/implicit/scheduletag/9.xml</filepath>
				</data>
				<verify>
					<callback>propfindItems</callback>
					<arg>
						<name>okprops</name>
						<value>{urn:ietf:params:xml:ns:caldav}schedule-tag$$schedule-tag-organizer:</value>
						<value>{DAV:}getetag!$etag-attendee02:</value>
					</arg>
				</verify>
				<grabproperty>
					<property>{DAV:}getetag</property>
					<variable>$etag-attendee02:</variable>
				</grabproperty>
			</request>
		</test>
		<test name='5'>
			<description>Attendee has same schedule tag header</description>
			<request user="$userid3:" pswd="$pswd3:" print-response="no">
				<method>GETNEW</method>
				<ruri>$calendarpath3:/</ruri>
				<verify>
					<callback>statusCode</callback>
				</verify>
				<verify>
					<callback>header</callback>
					<arg>
						<name>header</name>
						<value>Schedule-Tag$$schedule-tag-attendee03:</value>
					</arg>
				</verify>
			</request>
		</test>
		<test name='6'>
			<description>Matching property</description>
			<request user="$userid3:" pswd="$pswd3:" print-response="no">
				<method>PROPFIND</method>
				<ruri>$</ruri>
				<header>
					<name>Depth</name>
					<value>0</value>
				</header>
				<data>
					<content-type>text/calendar; charset=utf-8</content-type>
					<filepath>Resource/CalDAV/implicit/scheduletag/9.xml</filepath>
				</data>
				<verify>
					<callback>propfindItems</callback>
					<arg>
						<name>okprops</name>
						<value>{urn:ietf:params:xml:ns:caldav}schedule-tag$$schedule-tag-attendee03:</value>
						<value>{DAV:}getetag!$etag-attendee03:</value>
					</arg>
				</verify>
				<grabproperty>
					<property>{DAV:}getetag</property>
					<variable>$etag-attendee03:</variable>
				</grabproperty>
			</request>
		</test>
	</test-suite>

	<test-suite name='Attendee 03 change' ignore='no'>
		<test name='1'>
			<description>Updated event has changed schedule tag header</description>
			<request user="$userid3:" pswd="$pswd3:" print-response="no">
				<method>GETNEW</method>
				<ruri>$calendarpath3:/</ruri>
				<verify>
					<callback>statusCode</callback>
				</verify>
			</request>
			<request user="$userid3:" pswd="$pswd3:" print-response="no">
				<method>PUT</method>
				<ruri>$</ruri>
				<header>
					<name>If-Schedule-Tag-Match</name>
					<value>$schedule-tag-attendee03:</value>
				</header>
				<data>
					<content-type>text/calendar; charset=utf-8</content-type>
					<filepath>Resource/CalDAV/implicit/scheduletag/11.ics</filepath>
				</data>
				<verify>
					<callback>statusCode</callback>
				</verify>
				<verify>
					<callback>header</callback>
					<arg>
						<name>header</name>
						<value>Schedule-Tag!$schedule-tag-attendee03:</value>
					</arg>
				</verify>
				<grabheader>
					<name>Schedule-Tag</name>
					<variable>$schedule-tag-attendee03:</variable>
				</grabheader>
			</request>
      <request>
        <method>DELAY</method>
        <ruri>$schedDelay:</ruri>
      </request>
		</test>
		<test name='2'>
			<description>Matching property</description>
			<request user="$userid3:" pswd="$pswd3:" print-response="no">
				<method>PROPFIND</method>
				<ruri>$</ruri>
				<header>
					<name>Depth</name>
					<value>0</value>
				</header>
				<data>
					<content-type>text/calendar; charset=utf-8</content-type>
					<filepath>Resource/CalDAV/implicit/scheduletag/9.xml</filepath>
				</data>
				<verify>
					<callback>propfindItems</callback>
					<arg>
						<name>okprops</name>
						<value>{urn:ietf:params:xml:ns:caldav}schedule-tag$$schedule-tag-attendee03:</value>
						<value>{DAV:}getetag!$etag-attendee03:</value>
					</arg>
				</verify>
				<grabproperty>
					<property>{DAV:}getetag</property>
					<variable>$etag-attendee03:</variable>
				</grabproperty>
			</request>
		</test>
		<test name='3'>
			<description>Organizer has same schedule tag header</description>
			<request print-response="no">
				<method>GET</method>
				<ruri>$calendarpath1:/2.ics</ruri>
				<verify>
					<callback>statusCode</callback>
				</verify>
				<verify>
					<callback>header</callback>
					<arg>
						<name>header</name>
						<value>Schedule-Tag$$schedule-tag-organizer:</value>
					</arg>
				</verify>
			</request>
		</test>
		<test name='4'>
			<description>Matching property</description>
			<request print-response="no">
				<method>PROPFIND</method>
				<ruri>$calendarpath1:/2.ics</ruri>
				<header>
					<name>Depth</name>
					<value>0</value>
				</header>
				<data>
					<content-type>text/calendar; charset=utf-8</content-type>
					<filepath>Resource/CalDAV/implicit/scheduletag/9.xml</filepath>
				</data>
				<verify>
					<callback>propfindItems</callback>
					<arg>
						<name>okprops</name>
						<value>{urn:ietf:params:xml:ns:caldav}schedule-tag$$schedule-tag-organizer:</value>
						<value>{DAV:}getetag!$etag-attendee02:</value>
					</arg>
				</verify>
				<grabproperty>
					<property>{DAV:}getetag</property>
					<variable>$etag-attendee02:</variable>
				</grabproperty>
			</request>
		</test>
		<test name='5'>
			<description>Attendee has same schedule tag header</description>
			<request user="$userid2:" pswd="$pswd2:" print-response="no">
				<method>GETNEW</method>
				<ruri>$calendarpath2:/</ruri>
				<verify>
					<callback>statusCode</callback>
				</verify>
				<verify>
					<callback>header</callback>
					<arg>
						<name>header</name>
						<value>Schedule-Tag$$schedule-tag-attendee02:</value>
					</arg>
				</verify>
			</request>
		</test>
		<test name='6'>
			<description>Matching property</description>
			<request user="$userid2:" pswd="$pswd2:" print-response="no">
				<method>PROPFIND</method>
				<ruri>$</ruri>
				<header>
					<name>Depth</name>
					<value>0</value>
				</header>
				<data>
					<content-type>text/calendar; charset=utf-8</content-type>
					<filepath>Resource/CalDAV/implicit/scheduletag/9.xml</filepath>
				</data>
				<verify>
					<callback>propfindItems</callback>
					<arg>
						<name>okprops</name>
						<value>{urn:ietf:params:xml:ns:caldav}schedule-tag$$schedule-tag-attendee02:</value>
						<value>{DAV:}getetag!$etag-attendee02:</value>
					</arg>
				</verify>
				<grabproperty>
					<property>{DAV:}getetag</property>
					<variable>$etag-attendee02:</variable>
				</grabproperty>
			</request>
		</test>
	</test-suite>

	<test-suite name='Organizer Merge' ignore='no'>
		<test name='1'>
			<description>Updated event that has changed on disk</description>
			<request print-response="no">
				<method>PUT</method>
				<ruri>$calendarpath1:/2.ics</ruri>
				<header>
					<name>If-Schedule-Tag-Match</name>
					<value>$schedule-tag-organizer:</value>
				</header>
				<data>
					<content-type>text/calendar; charset=utf-8</content-type>
					<filepath>Resource/CalDAV/implicit/scheduletag/12.ics</filepath>
				</data>
				<verify>
					<callback>statusCode</callback>
				</verify>
				<verify>
					<callback>header</callback>
					<arg>
						<name>header</name>
						<value>Schedule-Tag!$schedule-tag-organizer:</value>
					</arg>
				</verify>
				<grabheader>
					<name>Schedule-Tag</name>
					<variable>$schedule-tag-organizer:</variable>
				</grabheader>
			</request>
      <request>
        <method>DELAY</method>
        <ruri>$schedDelay:</ruri>
      </request>
		</test>
		<test name='2'>
			<description>Matching property</description>
			<request print-response="no">
				<method>PROPFIND</method>
				<ruri>$calendarpath1:/2.ics</ruri>
				<header>
					<name>Depth</name>
					<value>0</value>
				</header>
				<data>
					<content-type>text/calendar; charset=utf-8</content-type>
					<filepath>Resource/CalDAV/implicit/scheduletag/9.xml</filepath>
				</data>
				<verify>
					<callback>propfindItems</callback>
					<arg>
						<name>okprops</name>
						<value>{urn:ietf:params:xml:ns:caldav}schedule-tag$$schedule-tag-organizer:</value>
						<value>{DAV:}getetag</value>
					</arg>
				</verify>
				<grabproperty>
					<property>{DAV:}getetag</property>
					<variable>$etag-organizer:</variable>
				</grabproperty>
			</request>
		</test>
		<test name='3'>
			<description>Organizer checks data</description>
			<request print-response='no'>
				<method>GET</method>
				<ruri>$calendarpath1:/2.ics</ruri>
				<verify>
					<callback>calendarDataMatch</callback>
					<arg>
						<name>filepath</name>
						<value>Resource/CalDAV/implicit/scheduletag/13.ics</value>
					</arg>
				</verify>
			</request>
		</test>
		<test name='4'>
			<description>Attendee has data</description>
			<request user="$userid2:" pswd="$pswd2:" print-response='no'>
				<method>GETNEW</method>
				<ruri>$calendarpath2:/</ruri>
				<verify>
					<callback>calendarDataMatch</callback>
					<arg>
						<name>filepath</name>
						<value>Resource/CalDAV/implicit/scheduletag/14.ics</value>
					</arg>
				</verify>
			</request>
		</test>
		<test name='5'>
			<description>Attendee -> Accepted</description>
			<request user="$userid2:" pswd="$pswd2:" print-response='no'>
				<method>GETNEW</method>
				<ruri>$calendarpath2:/</ruri>
				<verify>
					<callback>statusCode</callback>
				</verify>
			</request>
			<request user="$userid2:" pswd="$pswd2:" print-response='no'>
				<method>PUT</method>
				<ruri>$</ruri>
				<data>
					<content-type>text/calendar; charset=utf-8</content-type>
					<filepath>Resource/CalDAV/implicit/scheduletag/15.ics</filepath>
				</data>
				<verify>
					<callback>statusCode</callback>
				</verify>
			</request>
      <request>
        <method>DELAY</method>
        <ruri>$schedDelay:</ruri>
      </request>
		</test>
		<test name='6'>
			<description>Updated event that has changed on disk</description>
			<request print-response="no">
				<method>PUT</method>
				<ruri>$calendarpath1:/2.ics</ruri>
				<header>
					<name>If-Schedule-Tag-Match</name>
					<value>$schedule-tag-organizer:</value>
				</header>
				<data>
					<content-type>text/calendar; charset=utf-8</content-type>
					<filepath>Resource/CalDAV/implicit/scheduletag/16.ics</filepath>
				</data>
				<verify>
					<callback>statusCode</callback>
				</verify>
				<verify>
					<callback>header</callback>
					<arg>
						<name>header</name>
						<value>Schedule-Tag!$schedule-tag-organizer:</value>
					</arg>
				</verify>
				<grabheader>
					<name>Schedule-Tag</name>
					<variable>$schedule-tag-organizer:</variable>
				</grabheader>
			</request>
      <request>
        <method>DELAY</method>
        <ruri>$schedDelay:</ruri>
      </request>
		</test>
		<test name='7'>
			<description>Matching property</description>
			<request print-response="no">
				<method>PROPFIND</method>
				<ruri>$calendarpath1:/2.ics</ruri>
				<header>
					<name>Depth</name>
					<value>0</value>
				</header>
				<data>
					<content-type>text/calendar; charset=utf-8</content-type>
					<filepath>Resource/CalDAV/implicit/scheduletag/9.xml</filepath>
				</data>
				<verify>
					<callback>propfindItems</callback>
					<arg>
						<name>okprops</name>
						<value>{urn:ietf:params:xml:ns:caldav}schedule-tag$$schedule-tag-organizer:</value>
						<value>{DAV:}getetag</value>
					</arg>
				</verify>
				<grabproperty>
					<property>{DAV:}getetag</property>
					<variable>$etag-organizer:</variable>
				</grabproperty>
			</request>
		</test>
		<test name='8'>
			<description>Organizer checks data</description>
			<request print-response='no'>
				<method>GET</method>
				<ruri>$calendarpath1:/2.ics</ruri>
				<verify>
					<callback>calendarDataMatch</callback>
					<arg>
						<name>filepath</name>
						<value>Resource/CalDAV/implicit/scheduletag/17.ics</value>
					</arg>
				</verify>
			</request>
		</test>
	</test-suite>

	<test-suite name='Attendee Merge' ignore='no'>
		<test name='1'>
			<description>Get current schedule tag header values</description>
			<request print-response='no'>
				<method>GET</method>
				<ruri>$calendarpath1:/2.ics</ruri>
				<verify>
					<callback>statusCode</callback>
				</verify>
				<verify>
					<callback>header</callback>
					<arg>
						<name>header</name>
						<value>Schedule-Tag</value>
					</arg>
				</verify>
				<grabheader>
					<name>Schedule-Tag</name>
					<variable>$schedule-tag-organizer:</variable>
				</grabheader>
			</request>
			<request user="$userid2:" pswd="$pswd2:" print-response="no">
				<method>GETNEW</method>
				<ruri>$calendarpath2:/</ruri>
				<verify>
					<callback>statusCode</callback>
				</verify>
				<verify>
					<callback>header</callback>
					<arg>
						<name>header</name>
						<value>Schedule-Tag</value>
					</arg>
				</verify>
				<grabheader>
					<name>Schedule-Tag</name>
					<variable>$schedule-tag-attendee02:</variable>
				</grabheader>
			</request>
			<request user="$userid3:" pswd="$pswd3:" print-response="no">
				<method>GETNEW</method>
				<ruri>$calendarpath3:/</ruri>
				<verify>
					<callback>statusCode</callback>
				</verify>
				<verify>
					<callback>header</callback>
					<arg>
						<name>header</name>
						<value>Schedule-Tag</value>
					</arg>
				</verify>
				<grabheader>
					<name>Schedule-Tag</name>
					<variable>$schedule-tag-attendee03:</variable>
				</grabheader>
			</request>
		</test>
		<test name='2'>
			<description>Attendee 02 -> Declined</description>
			<request user="$userid2:" pswd="$pswd2:" print-response='no'>
				<method>GETNEW</method>
				<ruri>$calendarpath2:/</ruri>
				<verify>
					<callback>statusCode</callback>
				</verify>
			</request>
			<request user="$userid2:" pswd="$pswd2:" print-response='no'>
				<method>PUT</method>
				<ruri>$</ruri>
				<header>
					<name>If-Schedule-Tag-Match</name>
					<value>$schedule-tag-attendee02:</value>
				</header>
				<data>
					<content-type>text/calendar; charset=utf-8</content-type>
					<filepath>Resource/CalDAV/implicit/scheduletag/18.ics</filepath>
				</data>
				<verify>
					<callback>statusCode</callback>
				</verify>
				<verify>
					<callback>header</callback>
					<arg>
						<name>header</name>
						<value>Schedule-Tag!$schedule-tag-attendee02:</value>
					</arg>
				</verify>
				<grabheader>
					<name>Schedule-Tag</name>
					<variable>$schedule-tag-attendee02:</variable>
				</grabheader>
			</request>
      <request>
        <method>DELAY</method>
        <ruri>$schedDelay:</ruri>
      </request>
		</test>
		<test name='3'>
			<description>Attendee 03 -> Accepted</description>
			<request user="$userid3:" pswd="$pswd3:" print-response='no'>
				<method>GETNEW</method>
				<ruri>$calendarpath3:/</ruri>
				<verify>
					<callback>statusCode</callback>
				</verify>
			</request>
			<request user="$userid3:" pswd="$pswd3:" print-response='no'>
				<method>PUT</method>
				<ruri>$</ruri>
				<header>
					<name>If-Schedule-Tag-Match</name>
					<value>$schedule-tag-attendee03:</value>
				</header>
				<data>
					<content-type>text/calendar; charset=utf-8</content-type>
					<filepath>Resource/CalDAV/implicit/scheduletag/19.ics</filepath>
				</data>
				<verify>
					<callback>statusCode</callback>
				</verify>
				<verify>
					<callback>header</callback>
					<arg>
						<name>header</name>
						<value>Schedule-Tag!$schedule-tag-attendee03:</value>
					</arg>
				</verify>
				<grabheader>
					<name>Schedule-Tag</name>
					<variable>$schedule-tag-attendee03:</variable>
				</grabheader>
			</request>
      <request>
        <method>DELAY</method>
        <ruri>$schedDelay:</ruri>
      </request>
		</test>
		<test name='4'>
			<description>Attendee has data</description>
			<request user="$userid3:" pswd="$pswd3:" print-response='no'>
				<method>GETNEW</method>
				<ruri>$calendarpath3:/</ruri>
				<verify>
					<callback>calendarDataMatch</callback>
					<arg>
						<name>filepath</name>
						<value>Resource/CalDAV/implicit/scheduletag/20.ics</value>
					</arg>
				</verify>
			</request>
		</test>
		<test name='5'>
			<description>Clean-up</description>
			<request user="$userid1:" pswd="$pswd1:">
				<method>DELETEALL</method>
				<ruri>$calendarpath1:/</ruri>
			</request>
			<request user="$userid1:" pswd="$pswd1:">
				<method>DELETEALL</method>
				<ruri>$inboxpath1:/</ruri>
			</request>
			<request user="$userid2:" pswd="$pswd2:">
				<method>DELETEALL</method>
				<ruri>$calendarpath2:/</ruri>
			</request>
			<request user="$userid2:" pswd="$pswd2:">
				<method>DELETEALL</method>
				<ruri>$inboxpath2:/</ruri>
			</request>
		</test>
	</test-suite>

	<test-suite name='Organizer Delete with ETag' ignore='no'>
		<test name='1'>
			<description>Organizer invites Attendee</description>
			<request print-response='no'>
				<method>PUT</method>
				<ruri>$calendarpath1:/3.ics</ruri>
				<data>
					<content-type>text/calendar; charset=utf-8</content-type>
					<filepath>Resource/CalDAV/implicit/scenario1/organizerdelete/1.ics</filepath>
				</data>
				<verify>
					<callback>statusCode</callback>
				</verify>
			</request>
      <request>
        <method>DELAY</method>
        <ruri>$schedDelay:</ruri>
      </request>
		</test>
		<test name='2'>
			<description>Organizer checks data</description>
			<request print-response='no'>
				<method>GET</method>
				<ruri>$calendarpath1:/3.ics</ruri>
				<verify>
					<callback>calendarDataMatch</callback>
					<arg>
						<name>filepath</name>
						<value>Resource/CalDAV/implicit/scenario1/organizerdelete/2.ics</value>
					</arg>
				</verify>
				<grabheader>
					<name>ETag</name>
					<variable>$etag-organizer:</variable>
				</grabheader>
			</request>
		</test>
		<test name='3'>
			<description>Attendee Inbox Item</description>
			<request user="$userid2:" pswd="$pswd2:" print-response='no'>
				<method>PROPFIND</method>
				<ruri>$inboxpath2:/</ruri>
				<header>
					<name>Depth</name>
					<value>1</value>
				</header>
				<data>
					<content-type>application/xml; charset=utf-8</content-type>
					<filepath>Resource/CalDAV/implicit/scenario1/organizerdelete/3.xml</filepath>
				</data>
				<verify>
					<callback>multistatusItems</callback>
					<arg>
						<name>count</name>
						<value>1</value>
					</arg>
				</verify>
			</request>
		</test>
		<test name='4'>
			<description>Attendee has data</description>
			<request user="$userid2:" pswd="$pswd2:" print-response='no'>
				<method>GETNEW</method>
				<ruri>$calendarpath2:/</ruri>
				<verify>
					<callback>calendarDataMatch</callback>
					<arg>
						<name>filepath</name>
						<value>Resource/CalDAV/implicit/scenario1/organizerdelete/4.ics</value>
					</arg>
				</verify>
			</request>
		</test>
		<test name='5'>
			<description>Attendee deletes Inbox Item</description>
			<request user="$userid2:" pswd="$pswd2:" print-response='no'>
				<method>GETNEW</method>
				<ruri>$inboxpath2:/</ruri>
				<verify>
					<callback>statusCode</callback>
				</verify>
			</request>
			<request user="$userid2:" pswd="$pswd2:" print-response='no'>
				<method>DELETE</method>
				<ruri>$</ruri>
				<verify>
					<callback>statusCode</callback>
					<arg>
						<name>status</name>
						<value>204</value>
					</arg>
				</verify>
			</request>
		</test>
		<test name='6'>
			<description>Attendee -> Accepted</description>
			<request user="$userid2:" pswd="$pswd2:" print-response='no'>
				<method>GETNEW</method>
				<ruri>$calendarpath2:/</ruri>
				<verify>
					<callback>statusCode</callback>
				</verify>
			</request>
			<request user="$userid2:" pswd="$pswd2:" print-response='no'>
				<method>PUT</method>
				<ruri>$</ruri>
				<data>
					<content-type>text/calendar; charset=utf-8</content-type>
					<filepath>Resource/CalDAV/implicit/scenario1/organizerdelete/5.ics</filepath>
				</data>
				<verify>
					<callback>statusCode</callback>
				</verify>
			</request>
      <request>
        <method>DELAY</method>
        <ruri>$schedDelay:</ruri>
      </request>
		</test>
		<test name='7'>
			<description>Organizer Inbox Item</description>
			<request print-response='no'>
				<method>PROPFIND</method>
				<ruri>$inboxpath1:/</ruri>
				<header>
					<name>Depth</name>
					<value>1</value>
				</header>
				<data>
					<content-type>application/xml; charset=utf-8</content-type>
					<filepath>Resource/CalDAV/implicit/scenario1/organizerdelete/3.xml</filepath>
				</data>
				<verify>
					<callback>multistatusItems</callback>
					<arg>
						<name>count</name>
						<value>1</value>
					</arg>
				</verify>
			</request>
		</test>
		<test name='8'>
			<description>Organizer data changed</description>
			<request print-response='no'>
				<method>GET</method>
				<ruri>$calendarpath1:/3.ics</ruri>
				<verify>
					<callback>calendarDataMatch</callback>
					<arg>
						<name>filepath</name>
						<value>Resource/CalDAV/implicit/scenario1/organizerdelete/6.ics</value>
					</arg>
				</verify>
			</request>
		</test>
		<test name='9'>
			<description>Organizer deletes Inbox Item</description>
			<request print-response='no'>
				<method>GETNEW</method>
				<ruri>$inboxpath1:/</ruri>
				<verify>
					<callback>statusCode</callback>
				</verify>
			</request>
			<request print-response='no'>
				<method>DELETE</method>
				<ruri>$</ruri>
				<verify>
					<callback>statusCode</callback>
					<arg>
						<name>status</name>
						<value>204</value>
					</arg>
				</verify>
			</request>
		</test>
		<test name='10'>
			<description>Organizer deletes data with invalid ETag match</description>
			<request print-response='no'>
				<method>DELETE</method>
				<ruri>$calendarpath1:/3.ics</ruri>
				<header>
					<name>If-Match</name>
					<value>bogus-etag</value>
				</header>
				<verify>
					<callback>statusCode</callback>
					<arg>
						<name>status</name>
						<value>412</value>
					</arg>
				</verify>
			</request>
		</test>
		<test name='11'>
			<description>Organizer deletes data with valid ETag match</description>
			<request print-response='no'>
				<method>DELETE</method>
				<ruri>$calendarpath1:/3.ics</ruri>
				<header>
					<name>If-Match</name>
					<value>$etag-organizer:</value>
				</header>
				<verify>
					<callback>statusCode</callback>
					<arg>
						<name>status</name>
						<value>204</value>
					</arg>
				</verify>
			</request>
		</test>
		<test name='12'>
			<description>Attendee Inbox Item</description>
			<request user="$userid2:" pswd="$pswd2:" print-response='no'>
				<method>PROPFIND</method>
				<ruri>$inboxpath2:/</ruri>
				<header>
					<name>Depth</name>
					<value>1</value>
				</header>
				<data>
					<content-type>application/xml; charset=utf-8</content-type>
					<filepath>Resource/CalDAV/implicit/scenario1/organizerdelete/3.xml</filepath>
				</data>
				<verify>
					<callback>multistatusItems</callback>
					<arg>
						<name>count</name>
						<value>1</value>
					</arg>
				</verify>
			</request>
		</test>
		<test name='13'>
			<description>Attendee has cancelled data</description>
			<request user="$userid2:" pswd="$pswd2:" print-response='no'>
				<method>GETNEW</method>
				<ruri>$calendarpath2:/</ruri>
				<verify>
					<callback>calendarDataMatch</callback>
					<arg>
						<name>filepath</name>
						<value>Resource/CalDAV/implicit/scenario1/organizerdelete/7.ics</value>
					</arg>
				</verify>
			</request>
		</test>
		<test name='14'>
			<description>Attendee deletes data</description>
			<request user="$userid2:" pswd="$pswd2:" print-response='no'>
				<method>DELETE</method>
				<ruri>$</ruri>
				<verify>
					<callback>statusCode</callback>
				</verify>
			</request>
		</test>
		<test name='15'>
			<description>Attendee deletes Inbox Item</description>
			<request user="$userid2:" pswd="$pswd2:" print-response='no'>
				<method>GETNEW</method>
				<ruri>$inboxpath2:/</ruri>
				<verify>
					<callback>statusCode</callback>
				</verify>
			</request>
			<request user="$userid2:" pswd="$pswd2:" print-response='no'>
				<method>DELETE</method>
				<ruri>$</ruri>
				<verify>
					<callback>statusCode</callback>
					<arg>
						<name>status</name>
						<value>204</value>
					</arg>
				</verify>
			</request>
		</test>
		<test name='16'>
			<description>Clean-up</description>
			<request user="$userid1:" pswd="$pswd1:">
				<method>DELETEALL</method>
				<ruri>$calendarpath1:/</ruri>
			</request>
			<request user="$userid1:" pswd="$pswd1:">
				<method>DELETEALL</method>
				<ruri>$inboxpath1:/</ruri>
			</request>
			<request user="$userid2:" pswd="$pswd2:">
				<method>DELETEALL</method>
				<ruri>$calendarpath2:/</ruri>
			</request>
			<request user="$userid2:" pswd="$pswd2:">
				<method>DELETEALL</method>
				<ruri>$inboxpath2:/</ruri>
			</request>
		</test>
	</test-suite>

	<test-suite name='Organizer Delete with Schedule-Tag' ignore='no'>
		<test name='1'>
			<description>Organizer invites Attendee</description>
			<request print-response='no'>
				<method>PUT</method>
				<ruri>$calendarpath1:/4.ics</ruri>
				<data>
					<content-type>text/calendar; charset=utf-8</content-type>
					<filepath>Resource/CalDAV/implicit/scenario1/organizerdelete/1.ics</filepath>
				</data>
				<verify>
					<callback>statusCode</callback>
				</verify>
			</request>
      <request>
        <method>DELAY</method>
        <ruri>$schedDelay:</ruri>
      </request>
		</test>
		<test name='2'>
			<description>Organizer checks data</description>
			<request print-response='no'>
				<method>GET</method>
				<ruri>$calendarpath1:/4.ics</ruri>
				<verify>
					<callback>calendarDataMatch</callback>
					<arg>
						<name>filepath</name>
						<value>Resource/CalDAV/implicit/scenario1/organizerdelete/2.ics</value>
					</arg>
				</verify>
				<grabheader>
					<name>Schedule-Tag</name>
					<variable>$schedule-tag-organizer:</variable>
				</grabheader>
			</request>
		</test>
		<test name='3'>
			<description>Attendee Inbox Item</description>
			<request user="$userid2:" pswd="$pswd2:" print-response='no'>
				<method>PROPFIND</method>
				<ruri>$inboxpath2:/</ruri>
				<header>
					<name>Depth</name>
					<value>1</value>
				</header>
				<data>
					<content-type>application/xml; charset=utf-8</content-type>
					<filepath>Resource/CalDAV/implicit/scenario1/organizerdelete/3.xml</filepath>
				</data>
				<verify>
					<callback>multistatusItems</callback>
					<arg>
						<name>count</name>
						<value>1</value>
					</arg>
				</verify>
			</request>
		</test>
		<test name='4'>
			<description>Attendee has data</description>
			<request user="$userid2:" pswd="$pswd2:" print-response='no'>
				<method>GETNEW</method>
				<ruri>$calendarpath2:/</ruri>
				<verify>
					<callback>calendarDataMatch</callback>
					<arg>
						<name>filepath</name>
						<value>Resource/CalDAV/implicit/scenario1/organizerdelete/4.ics</value>
					</arg>
				</verify>
			</request>
		</test>
		<test name='5'>
			<description>Attendee deletes Inbox Item</description>
			<request user="$userid2:" pswd="$pswd2:" print-response='no'>
				<method>GETNEW</method>
				<ruri>$inboxpath2:/</ruri>
				<verify>
					<callback>statusCode</callback>
				</verify>
			</request>
			<request user="$userid2:" pswd="$pswd2:" print-response='no'>
				<method>DELETE</method>
				<ruri>$</ruri>
				<verify>
					<callback>statusCode</callback>
					<arg>
						<name>status</name>
						<value>204</value>
					</arg>
				</verify>
			</request>
		</test>
		<test name='6'>
			<description>Attendee -> Accepted</description>
			<request user="$userid2:" pswd="$pswd2:" print-response='no'>
				<method>GETNEW</method>
				<ruri>$calendarpath2:/</ruri>
				<verify>
					<callback>statusCode</callback>
				</verify>
			</request>
			<request user="$userid2:" pswd="$pswd2:" print-response='no'>
				<method>PUT</method>
				<ruri>$</ruri>
				<data>
					<content-type>text/calendar; charset=utf-8</content-type>
					<filepath>Resource/CalDAV/implicit/scenario1/organizerdelete/5.ics</filepath>
				</data>
				<verify>
					<callback>statusCode</callback>
				</verify>
			</request>
      <request>
        <method>DELAY</method>
        <ruri>$schedDelay:</ruri>
      </request>
		</test>
		<test name='7'>
			<description>Organizer Inbox Item</description>
			<request print-response='no'>
				<method>PROPFIND</method>
				<ruri>$inboxpath1:/</ruri>
				<header>
					<name>Depth</name>
					<value>1</value>
				</header>
				<data>
					<content-type>application/xml; charset=utf-8</content-type>
					<filepath>Resource/CalDAV/implicit/scenario1/organizerdelete/3.xml</filepath>
				</data>
				<verify>
					<callback>multistatusItems</callback>
					<arg>
						<name>count</name>
						<value>1</value>
					</arg>
				</verify>
			</request>
		</test>
		<test name='8'>
			<description>Organizer data changed</description>
			<request print-response='no'>
				<method>GET</method>
				<ruri>$calendarpath1:/4.ics</ruri>
				<verify>
					<callback>calendarDataMatch</callback>
					<arg>
						<name>filepath</name>
						<value>Resource/CalDAV/implicit/scenario1/organizerdelete/6.ics</value>
					</arg>
				</verify>
			</request>
		</test>
		<test name='9'>
			<description>Organizer deletes Inbox Item</description>
			<request print-response='no'>
				<method>GETNEW</method>
				<ruri>$inboxpath1:/</ruri>
				<verify>
					<callback>statusCode</callback>
				</verify>
			</request>
			<request print-response='no'>
				<method>DELETE</method>
				<ruri>$</ruri>
				<verify>
					<callback>statusCode</callback>
					<arg>
						<name>status</name>
						<value>204</value>
					</arg>
				</verify>
			</request>
		</test>
		<test name='10'>
			<description>Organizer deletes data with invalid ETag match</description>
			<request print-response='no'>
				<method>DELETE</method>
				<ruri>$calendarpath1:/4.ics</ruri>
				<header>
					<name>If-Schedule-Tag-Match</name>
					<value>bogus-schedule-tag</value>
				</header>
				<verify>
					<callback>statusCode</callback>
					<arg>
						<name>status</name>
						<value>412</value>
					</arg>
				</verify>
			</request>
		</test>
		<test name='11'>
			<description>Organizer deletes data with valid ETag match</description>
			<request print-response='no'>
				<method>DELETE</method>
				<ruri>$calendarpath1:/4.ics</ruri>
				<header>
					<name>If-Schedule-Tag-Match</name>
					<value>$schedule-tag-organizer:</value>
				</header>
				<verify>
					<callback>statusCode</callback>
					<arg>
						<name>status</name>
						<value>204</value>
					</arg>
				</verify>
			</request>
		</test>
		<test name='12'>
			<description>Attendee Inbox Item</description>
			<request user="$userid2:" pswd="$pswd2:" print-response='no'>
				<method>PROPFIND</method>
				<ruri>$inboxpath2:/</ruri>
				<header>
					<name>Depth</name>
					<value>1</value>
				</header>
				<data>
					<content-type>application/xml; charset=utf-8</content-type>
					<filepath>Resource/CalDAV/implicit/scenario1/organizerdelete/3.xml</filepath>
				</data>
				<verify>
					<callback>multistatusItems</callback>
					<arg>
						<name>count</name>
						<value>1</value>
					</arg>
				</verify>
			</request>
		</test>
		<test name='13'>
			<description>Attendee has cancelled data</description>
			<request user="$userid2:" pswd="$pswd2:" print-response='no'>
				<method>GETNEW</method>
				<ruri>$calendarpath2:/</ruri>
				<verify>
					<callback>calendarDataMatch</callback>
					<arg>
						<name>filepath</name>
						<value>Resource/CalDAV/implicit/scenario1/organizerdelete/7.ics</value>
					</arg>
				</verify>
			</request>
		</test>
		<test name='14'>
			<description>Attendee deletes data</description>
			<request user="$userid2:" pswd="$pswd2:" print-response='no'>
				<method>DELETE</method>
				<ruri>$</ruri>
				<verify>
					<callback>statusCode</callback>
				</verify>
			</request>
		</test>
		<test name='15'>
			<description>Attendee deletes Inbox Item</description>
			<request user="$userid2:" pswd="$pswd2:" print-response='no'>
				<method>GETNEW</method>
				<ruri>$inboxpath2:/</ruri>
				<verify>
					<callback>statusCode</callback>
				</verify>
			</request>
			<request user="$userid2:" pswd="$pswd2:" print-response='no'>
				<method>DELETE</method>
				<ruri>$</ruri>
				<verify>
					<callback>statusCode</callback>
					<arg>
						<name>status</name>
						<value>204</value>
					</arg>
				</verify>
			</request>
		</test>
		<test name='16'>
			<description>Clean-up</description>
			<request user="$userid1:" pswd="$pswd1:">
				<method>DELETEALL</method>
				<ruri>$calendarpath1:/</ruri>
			</request>
			<request user="$userid1:" pswd="$pswd1:">
				<method>DELETEALL</method>
				<ruri>$inboxpath1:/</ruri>
			</request>
			<request user="$userid2:" pswd="$pswd2:">
				<method>DELETEALL</method>
				<ruri>$calendarpath2:/</ruri>
			</request>
			<request user="$userid2:" pswd="$pswd2:">
				<method>DELETEALL</method>
				<ruri>$inboxpath2:/</ruri>
			</request>
		</test>
	</test-suite>

	<test-suite name='Organizer MOVE with ETag' ignore='no'>
		<test name='1'>
			<description>Organizer invites Attendee</description>
			<request print-response='no'>
				<method>PUT</method>
				<ruri>$calendarpath1:/5.ics</ruri>
				<data>
					<content-type>text/calendar; charset=utf-8</content-type>
					<filepath>Resource/CalDAV/implicit/scenario1/organizerdelete/1.ics</filepath>
				</data>
				<verify>
					<callback>statusCode</callback>
				</verify>
			</request>
      <request>
        <method>DELAY</method>
        <ruri>$schedDelay:</ruri>
      </request>
		</test>
		<test name='2'>
			<description>Organizer checks data</description>
			<request print-response='no'>
				<method>GET</method>
				<ruri>$calendarpath1:/5.ics</ruri>
				<verify>
					<callback>calendarDataMatch</callback>
					<arg>
						<name>filepath</name>
						<value>Resource/CalDAV/implicit/scenario1/organizerdelete/2.ics</value>
					</arg>
				</verify>
				<grabheader>
					<name>ETag</name>
					<variable>$etag-organizer:</variable>
				</grabheader>
			</request>
		</test>
		<test name='3'>
			<description>Attendee Inbox Item</description>
			<request user="$userid2:" pswd="$pswd2:" print-response='no'>
				<method>PROPFIND</method>
				<ruri>$inboxpath2:/</ruri>
				<header>
					<name>Depth</name>
					<value>1</value>
				</header>
				<data>
					<content-type>application/xml; charset=utf-8</content-type>
					<filepath>Resource/CalDAV/implicit/scenario1/organizerdelete/3.xml</filepath>
				</data>
				<verify>
					<callback>multistatusItems</callback>
					<arg>
						<name>count</name>
						<value>1</value>
					</arg>
				</verify>
			</request>
			<request user="$userid2:" pswd="$pswd2:" print-response='no'>
				<method>GETNEW</method>
				<ruri>$inboxpath2:/</ruri>
				<verify>
					<callback>dataString</callback>
					<arg>
						<name>notcontains</name>
						<value>SCHEDULE-STATUS</value>
						<value>SCHEDULE-AGENT</value>
					</arg>
				</verify>
			</request>
		</test>
		<test name='4'>
			<description>Attendee has data</description>
			<request user="$userid2:" pswd="$pswd2:" print-response='no'>
				<method>GETNEW</method>
				<ruri>$calendarpath2:/</ruri>
				<verify>
					<callback>calendarDataMatch</callback>
					<arg>
						<name>filepath</name>
						<value>Resource/CalDAV/implicit/scenario1/organizerdelete/4.ics</value>
					</arg>
				</verify>
			</request>
		</test>
		<test name='5'>
			<description>Attendee deletes Inbox Item</description>
			<request user="$userid2:" pswd="$pswd2:" print-response='no'>
				<method>GETNEW</method>
				<ruri>$inboxpath2:/</ruri>
				<verify>
					<callback>statusCode</callback>
				</verify>
			</request>
			<request user="$userid2:" pswd="$pswd2:" print-response='no'>
				<method>DELETE</method>
				<ruri>$</ruri>
				<verify>
					<callback>statusCode</callback>
					<arg>
						<name>status</name>
						<value>204</value>
					</arg>
				</verify>
			</request>
		</test>
		<test name='6'>
			<description>Attendee -> Accepted</description>
			<request user="$userid2:" pswd="$pswd2:" print-response='no'>
				<method>GETNEW</method>
				<ruri>$calendarpath2:/</ruri>
				<verify>
					<callback>statusCode</callback>
				</verify>
			</request>
			<request user="$userid2:" pswd="$pswd2:" print-response='no'>
				<method>PUT</method>
				<ruri>$</ruri>
				<data>
					<content-type>text/calendar; charset=utf-8</content-type>
					<filepath>Resource/CalDAV/implicit/scenario1/organizerdelete/5.ics</filepath>
				</data>
				<verify>
					<callback>statusCode</callback>
				</verify>
			</request>
      <request>
        <method>DELAY</method>
        <ruri>$schedDelay:</ruri>
      </request>
		</test>
		<test name='7'>
			<description>Organizer Inbox Item</description>
			<request print-response='no'>
				<method>PROPFIND</method>
				<ruri>$inboxpath1:/</ruri>
				<header>
					<name>Depth</name>
					<value>1</value>
				</header>
				<data>
					<content-type>application/xml; charset=utf-8</content-type>
					<filepath>Resource/CalDAV/implicit/scenario1/organizerdelete/3.xml</filepath>
				</data>
				<verify>
					<callback>multistatusItems</callback>
					<arg>
						<name>count</name>
						<value>1</value>
					</arg>
				</verify>
			</request>
		</test>
		<test name='8'>
			<description>Organizer data changed</description>
			<request print-response='no'>
				<method>GET</method>
				<ruri>$calendarpath1:/5.ics</ruri>
				<verify>
					<callback>calendarDataMatch</callback>
					<arg>
						<name>filepath</name>
						<value>Resource/CalDAV/implicit/scenario1/organizerdelete/6.ics</value>
					</arg>
				</verify>
			</request>
		</test>
		<test name='9'>
			<description>Organizer deletes Inbox Item</description>
			<request print-response='no'>
				<method>GETNEW</method>
				<ruri>$inboxpath1:/</ruri>
				<verify>
					<callback>statusCode</callback>
				</verify>
			</request>
			<request print-response='no'>
				<method>DELETE</method>
				<ruri>$</ruri>
				<verify>
					<callback>statusCode</callback>
					<arg>
						<name>status</name>
						<value>204</value>
					</arg>
				</verify>
			</request>
		</test>
		<test name='10'>
			<description>Organizer moves data with invalid ETag match</description>
			<request print-response='no'>
				<method>MOVE</method>
				<ruri>$calendarpath1:/5.ics</ruri>
				<header>
					<name>Destination</name>
					<value>$host:$calendarpath1:/5-moved.ics</value>
				</header>
				<header>
					<name>If-Match</name>
					<value>bogus-etag</value>
				</header>
				<verify>
					<callback>statusCode</callback>
					<arg>
						<name>status</name>
						<value>412</value>
					</arg>
				</verify>
			</request>
		</test>
		<test name='11'>
			<description>Organizer deletes data with valid ETag match</description>
			<request print-response='no'>
				<method>MOVE</method>
				<ruri>$calendarpath1:/5.ics</ruri>
				<header>
					<name>Destination</name>
					<value>$host:$calendarpath1:/5-moved.ics</value>
				</header>
				<header>
					<name>If-Match</name>
					<value>$etag-organizer:</value>
				</header>
				<verify>
					<callback>statusCode</callback>
					<arg>
						<name>status</name>
						<value>201</value>
					</arg>
				</verify>
			</request>
		</test>
		<test name='12'>
			<description>Attendee no Inbox Item</description>
			<request user="$userid2:" pswd="$pswd2:" print-response='no'>
				<method>PROPFIND</method>
				<ruri>$inboxpath2:/</ruri>
				<header>
					<name>Depth</name>
					<value>1</value>
				</header>
				<data>
					<content-type>application/xml; charset=utf-8</content-type>
					<filepath>Resource/CalDAV/implicit/scenario1/organizerdelete/3.xml</filepath>
				</data>
				<verify>
					<callback>multistatusItems</callback>
					<arg>
						<name>count</name>
						<value>0</value>
					</arg>
				</verify>
			</request>
		</test>
		<test name='13'>
			<description>Clean-up</description>
			<request user="$userid1:" pswd="$pswd1:">
				<method>DELETEALL</method>
				<ruri>$calendarpath1:/</ruri>
			</request>
			<request user="$userid1:" pswd="$pswd1:">
				<method>DELETEALL</method>
				<ruri>$inboxpath1:/</ruri>
			</request>
			<request user="$userid2:" pswd="$pswd2:">
				<method>DELETEALL</method>
				<ruri>$calendarpath2:/</ruri>
			</request>
			<request user="$userid2:" pswd="$pswd2:">
				<method>DELETEALL</method>
				<ruri>$inboxpath2:/</ruri>
			</request>
		</test>
	</test-suite>

	<test-suite name='Organizer MOVE with Schedule-Tag' ignore='no'>
		<test name='1'>
			<description>Organizer invites Attendee</description>
			<request print-response='no'>
				<method>PUT</method>
				<ruri>$calendarpath1:/6.ics</ruri>
				<data>
					<content-type>text/calendar; charset=utf-8</content-type>
					<filepath>Resource/CalDAV/implicit/scenario1/organizerdelete/1.ics</filepath>
				</data>
				<verify>
					<callback>statusCode</callback>
				</verify>
			</request>
      <request>
        <method>DELAY</method>
        <ruri>$schedDelay:</ruri>
      </request>
		</test>
		<test name='2'>
			<description>Organizer checks data</description>
			<request print-response='no'>
				<method>GET</method>
				<ruri>$calendarpath1:/6.ics</ruri>
				<verify>
					<callback>calendarDataMatch</callback>
					<arg>
						<name>filepath</name>
						<value>Resource/CalDAV/implicit/scenario1/organizerdelete/2.ics</value>
					</arg>
				</verify>
				<grabheader>
					<name>Schedule-Tag</name>
					<variable>$schedule-tag-organizer:</variable>
				</grabheader>
			</request>
		</test>
		<test name='3'>
			<description>Attendee Inbox Item</description>
			<request user="$userid2:" pswd="$pswd2:" print-response='no'>
				<method>PROPFIND</method>
				<ruri>$inboxpath2:/</ruri>
				<header>
					<name>Depth</name>
					<value>1</value>
				</header>
				<data>
					<content-type>application/xml; charset=utf-8</content-type>
					<filepath>Resource/CalDAV/implicit/scenario1/organizerdelete/3.xml</filepath>
				</data>
				<verify>
					<callback>multistatusItems</callback>
					<arg>
						<name>count</name>
						<value>1</value>
					</arg>
				</verify>
			</request>
		</test>
		<test name='4'>
			<description>Attendee has data</description>
			<request user="$userid2:" pswd="$pswd2:" print-response='no'>
				<method>GETNEW</method>
				<ruri>$calendarpath2:/</ruri>
				<verify>
					<callback>calendarDataMatch</callback>
					<arg>
						<name>filepath</name>
						<value>Resource/CalDAV/implicit/scenario1/organizerdelete/4.ics</value>
					</arg>
				</verify>
			</request>
		</test>
		<test name='5'>
			<description>Attendee deletes Inbox Item</description>
			<request user="$userid2:" pswd="$pswd2:" print-response='no'>
				<method>GETNEW</method>
				<ruri>$inboxpath2:/</ruri>
				<verify>
					<callback>statusCode</callback>
				</verify>
			</request>
			<request user="$userid2:" pswd="$pswd2:" print-response='no'>
				<method>DELETE</method>
				<ruri>$</ruri>
				<verify>
					<callback>statusCode</callback>
					<arg>
						<name>status</name>
						<value>204</value>
					</arg>
				</verify>
			</request>
		</test>
		<test name='6'>
			<description>Attendee -> Accepted</description>
			<request user="$userid2:" pswd="$pswd2:" print-response='no'>
				<method>GETNEW</method>
				<ruri>$calendarpath2:/</ruri>
				<verify>
					<callback>statusCode</callback>
				</verify>
			</request>
			<request user="$userid2:" pswd="$pswd2:" print-response='no'>
				<method>PUT</method>
				<ruri>$</ruri>
				<data>
					<content-type>text/calendar; charset=utf-8</content-type>
					<filepath>Resource/CalDAV/implicit/scenario1/organizerdelete/5.ics</filepath>
				</data>
				<verify>
					<callback>statusCode</callback>
				</verify>
			</request>
      <request>
        <method>DELAY</method>
        <ruri>$schedDelay:</ruri>
      </request>
		</test>
		<test name='7'>
			<description>Organizer Inbox Item</description>
			<request print-response='no'>
				<method>PROPFIND</method>
				<ruri>$inboxpath1:/</ruri>
				<header>
					<name>Depth</name>
					<value>1</value>
				</header>
				<data>
					<content-type>application/xml; charset=utf-8</content-type>
					<filepath>Resource/CalDAV/implicit/scenario1/organizerdelete/3.xml</filepath>
				</data>
				<verify>
					<callback>multistatusItems</callback>
					<arg>
						<name>count</name>
						<value>1</value>
					</arg>
				</verify>
			</request>
		</test>
		<test name='8'>
			<description>Organizer data changed</description>
			<request print-response='no'>
				<method>GET</method>
				<ruri>$calendarpath1:/6.ics</ruri>
				<verify>
					<callback>calendarDataMatch</callback>
					<arg>
						<name>filepath</name>
						<value>Resource/CalDAV/implicit/scenario1/organizerdelete/6.ics</value>
					</arg>
				</verify>
			</request>
		</test>
		<test name='9'>
			<description>Organizer deletes Inbox Item</description>
			<request print-response='no'>
				<method>GETNEW</method>
				<ruri>$inboxpath1:/</ruri>
				<verify>
					<callback>statusCode</callback>
				</verify>
			</request>
			<request print-response='no'>
				<method>DELETE</method>
				<ruri>$</ruri>
				<verify>
					<callback>statusCode</callback>
					<arg>
						<name>status</name>
						<value>204</value>
					</arg>
				</verify>
			</request>
		</test>
		<test name='10'>
			<description>Organizer moves data with invalid ETag match</description>
			<request print-response='no'>
				<method>MOVE</method>
				<ruri>$calendarpath1:/6.ics</ruri>
				<header>
					<name>Destination</name>
					<value>$host:$calendarpath1:/6-moved.ics</value>
				</header>
				<header>
					<name>If-Schedule-Tag-Match</name>
					<value>bogus-schedule-tag</value>
				</header>
				<verify>
					<callback>statusCode</callback>
					<arg>
						<name>status</name>
						<value>412</value>
					</arg>
				</verify>
			</request>
		</test>
		<test name='11'>
			<description>Organizer moves data with valid ETag match</description>
			<request print-response='no'>
				<method>MOVE</method>
				<ruri>$calendarpath1:/6.ics</ruri>
				<header>
					<name>Destination</name>
					<value>$host:$calendarpath1:/6-moved.ics</value>
				</header>
				<header>
					<name>If-Schedule-Tag-Match</name>
					<value>$schedule-tag-organizer:</value>
				</header>
				<verify>
					<callback>statusCode</callback>
					<arg>
						<name>status</name>
						<value>201</value>
					</arg>
				</verify>
			</request>
		</test>
		<test name='12'>
			<description>Attendee Inbox Item</description>
			<request user="$userid2:" pswd="$pswd2:" print-response='no'>
				<method>PROPFIND</method>
				<ruri>$inboxpath2:/</ruri>
				<header>
					<name>Depth</name>
					<value>1</value>
				</header>
				<data>
					<content-type>application/xml; charset=utf-8</content-type>
					<filepath>Resource/CalDAV/implicit/scenario1/organizerdelete/3.xml</filepath>
				</data>
				<verify>
					<callback>multistatusItems</callback>
					<arg>
						<name>count</name>
						<value>0</value>
					</arg>
				</verify>
			</request>
		</test>
		<test name='13'>
			<description>Clean-up</description>
			<request user="$userid1:" pswd="$pswd1:">
				<method>DELETEALL</method>
				<ruri>$calendarpath1:/</ruri>
			</request>
			<request user="$userid1:" pswd="$pswd1:">
				<method>DELETEALL</method>
				<ruri>$inboxpath1:/</ruri>
			</request>
			<request user="$userid2:" pswd="$pswd2:">
				<method>DELETEALL</method>
				<ruri>$calendarpath2:/</ruri>
			</request>
			<request user="$userid2:" pswd="$pswd2:">
				<method>DELETEALL</method>
				<ruri>$inboxpath2:/</ruri>
			</request>
		</test>
	</test-suite>

	<test-suite name='Organizer Re-invite with Schedule-Tag' ignore='no'>
		<test name='1'>
			<description>Organizer invites Attendee</description>
			<request print-response='no'>
				<method>PUT</method>
				<ruri>$calendarpath1:/5.ics</ruri>
				<data>
					<content-type>text/calendar; charset=utf-8</content-type>
					<filepath>Resource/CalDAV/implicit/scheduletag/organizerreinvite/1.ics</filepath>
				</data>
				<verify>
					<callback>statusCode</callback>
				</verify>
			</request>
      <request>
        <method>DELAY</method>
        <ruri>$schedDelay:</ruri>
      </request>
		</test>
		<test name='2'>
			<description>Organizer checks data</description>
			<request print-response='no'>
				<method>GET</method>
				<ruri>$calendarpath1:/5.ics</ruri>
				<verify>
					<callback>calendarDataMatch</callback>
					<arg>
						<name>filepath</name>
						<value>Resource/CalDAV/implicit/scheduletag/organizerreinvite/2.ics</value>
					</arg>
				</verify>
				<grabheader>
					<name>Schedule-Tag</name>
					<variable>$schedule-tag-organizer:</variable>
				</grabheader>
			</request>
		</test>
		<test name='3'>
			<description>Attendee Inbox Item</description>
			<request user="$userid2:" pswd="$pswd2:" print-response='no'>
				<method>PROPFIND</method>
				<ruri>$inboxpath2:/</ruri>
				<header>
					<name>Depth</name>
					<value>1</value>
				</header>
				<data>
					<content-type>application/xml; charset=utf-8</content-type>
					<filepath>Resource/CalDAV/implicit/scheduletag/organizerreinvite/3.xml</filepath>
				</data>
				<verify>
					<callback>multistatusItems</callback>
					<arg>
						<name>count</name>
						<value>1</value>
					</arg>
				</verify>
			</request>
		</test>
		<test name='4'>
			<description>Attendee has data</description>
			<request user="$userid2:" pswd="$pswd2:" print-response='no'>
				<method>GETNEW</method>
				<ruri>$calendarpath2:/</ruri>
				<verify>
					<callback>calendarDataMatch</callback>
					<arg>
						<name>filepath</name>
						<value>Resource/CalDAV/implicit/scheduletag/organizerreinvite/4.ics</value>
					</arg>
				</verify>
			</request>
		</test>
		<test name='5'>
			<description>Attendee deletes Inbox Item</description>
			<request user="$userid2:" pswd="$pswd2:" print-response='no'>
				<method>GETNEW</method>
				<ruri>$inboxpath2:/</ruri>
				<verify>
					<callback>statusCode</callback>
				</verify>
			</request>
			<request user="$userid2:" pswd="$pswd2:" print-response='no'>
				<method>DELETE</method>
				<ruri>$</ruri>
				<verify>
					<callback>statusCode</callback>
					<arg>
						<name>status</name>
						<value>204</value>
					</arg>
				</verify>
			</request>
		</test>
		<test name='6'>
			<description>Attendee -> Accepted</description>
			<request user="$userid2:" pswd="$pswd2:" print-response='no'>
				<method>GETNEW</method>
				<ruri>$calendarpath2:/</ruri>
				<verify>
					<callback>statusCode</callback>
				</verify>
			</request>
			<request user="$userid2:" pswd="$pswd2:" print-response='no'>
				<method>PUT</method>
				<ruri>$</ruri>
				<data>
					<content-type>text/calendar; charset=utf-8</content-type>
					<filepath>Resource/CalDAV/implicit/scheduletag/organizerreinvite/5.ics</filepath>
				</data>
				<verify>
					<callback>statusCode</callback>
				</verify>
			</request>
      <request>
        <method>DELAY</method>
        <ruri>$schedDelay:</ruri>
      </request>
		</test>
		<test name='7'>
			<description>Organizer Inbox Item</description>
			<request print-response='no'>
				<method>PROPFIND</method>
				<ruri>$inboxpath1:/</ruri>
				<header>
					<name>Depth</name>
					<value>1</value>
				</header>
				<data>
					<content-type>application/xml; charset=utf-8</content-type>
					<filepath>Resource/CalDAV/implicit/scheduletag/organizerreinvite/3.xml</filepath>
				</data>
				<verify>
					<callback>multistatusItems</callback>
					<arg>
						<name>count</name>
						<value>1</value>
					</arg>
				</verify>
			</request>
		</test>
		<test name='8'>
			<description>Organizer data changed</description>
			<request print-response='no'>
				<method>GET</method>
				<ruri>$calendarpath1:/5.ics</ruri>
				<verify>
					<callback>calendarDataMatch</callback>
					<arg>
						<name>filepath</name>
						<value>Resource/CalDAV/implicit/scheduletag/organizerreinvite/6.ics</value>
					</arg>
				</verify>
			</request>
		</test>
		<test name='9'>
			<description>Organizer deletes Inbox Item</description>
			<request print-response='no'>
				<method>GETNEW</method>
				<ruri>$inboxpath1:/</ruri>
				<verify>
					<callback>statusCode</callback>
				</verify>
			</request>
			<request print-response='no'>
				<method>DELETE</method>
				<ruri>$</ruri>
				<verify>
					<callback>statusCode</callback>
					<arg>
						<name>status</name>
						<value>204</value>
					</arg>
				</verify>
			</request>
		</test>
		<test name='10'>
			<description>Organizer changes data with valid Schedule-Tag match</description>
			<request print-response='no'>
				<method>PUT</method>
				<ruri>$calendarpath1:/5.ics</ruri>
				<header>
					<name>If-Schedule-Tag-Match</name>
					<value>$schedule-tag-organizer:</value>
				</header>
				<data>
					<content-type>text/calendar; charset=utf-8</content-type>
					<filepath>Resource/CalDAV/implicit/scheduletag/organizerreinvite/7.ics</filepath>
				</data>
				<verify>
					<callback>statusCode</callback>
					<arg>
						<name>status</name>
						<value>204</value>
					</arg>
				</verify>
			</request>
      <request>
        <method>DELAY</method>
        <ruri>$schedDelay:</ruri>
      </request>
		</test>
		<test name='11'>
			<description>Organizer checks data</description>
			<request print-response='no'>
				<method>GET</method>
				<ruri>$calendarpath1:/5.ics</ruri>
				<verify>
					<callback>calendarDataMatch</callback>
					<arg>
						<name>filepath</name>
						<value>Resource/CalDAV/implicit/scheduletag/organizerreinvite/8.ics</value>
					</arg>
				</verify>
				<grabheader>
					<name>Schedule-Tag</name>
					<variable>$schedule-tag-organizer:</variable>
				</grabheader>
			</request>
		</test>
		<test name='12'>
			<description>Attendee Inbox Item</description>
			<request user="$userid2:" pswd="$pswd2:" print-response='no'>
				<method>PROPFIND</method>
				<ruri>$inboxpath2:/</ruri>
				<header>
					<name>Depth</name>
					<value>1</value>
				</header>
				<data>
					<content-type>application/xml; charset=utf-8</content-type>
					<filepath>Resource/CalDAV/implicit/scheduletag/organizerreinvite/3.xml</filepath>
				</data>
				<verify>
					<callback>multistatusItems</callback>
					<arg>
						<name>count</name>
						<value>1</value>
					</arg>
				</verify>
			</request>
		</test>
		<test name='13'>
			<description>Attendee has data</description>
			<request user="$userid2:" pswd="$pswd2:" print-response='no'>
				<method>GETNEW</method>
				<ruri>$calendarpath2:/</ruri>
				<verify>
					<callback>calendarDataMatch</callback>
					<arg>
						<name>filepath</name>
						<value>Resource/CalDAV/implicit/scheduletag/organizerreinvite/9.ics</value>
					</arg>
				</verify>
			</request>
		</test>
		<test name='14'>
			<description>Attendee deletes Inbox Item</description>
			<request user="$userid2:" pswd="$pswd2:" print-response='no'>
				<method>GETNEW</method>
				<ruri>$inboxpath2:/</ruri>
				<verify>
					<callback>statusCode</callback>
				</verify>
			</request>
			<request user="$userid2:" pswd="$pswd2:" print-response='no'>
				<method>DELETE</method>
				<ruri>$</ruri>
				<verify>
					<callback>statusCode</callback>
					<arg>
						<name>status</name>
						<value>204</value>
					</arg>
				</verify>
			</request>
		</test>
		<test name='15'>
			<description>Clean-up</description>
			<request user="$userid1:" pswd="$pswd1:">
				<method>DELETEALL</method>
				<ruri>$calendarpath1:/</ruri>
			</request>
			<request user="$userid1:" pswd="$pswd1:">
				<method>DELETEALL</method>
				<ruri>$inboxpath1:/</ruri>
			</request>
			<request user="$userid2:" pswd="$pswd2:">
				<method>DELETEALL</method>
				<ruri>$calendarpath2:/</ruri>
			</request>
			<request user="$userid2:" pswd="$pswd2:">
				<method>DELETEALL</method>
				<ruri>$inboxpath2:/</ruri>
			</request>
		</test>
	</test-suite>

	<test-suite name='ETag change with Schedule-tag' ignore='no'>
		<test name='1'>
			<description>New event</description>
			<request print-response="no">
				<method>PUT</method>
				<ruri>$calendarpath1:/2.ics</ruri>
				<data>
					<content-type>text/calendar; charset=utf-8</content-type>
					<filepath>Resource/CalDAV/implicit/scheduletag/8.ics</filepath>
				</data>
				<verify>
					<callback>statusCode</callback>
				</verify>
			</request>
		</test>
		<test name='2'>
			<description>Get event</description>
			<request print-response="no">
				<method>GET</method>
				<ruri>$calendarpath1:/2.ics</ruri>
				<verify>
					<callback>statusCode</callback>
				</verify>
				<grabheader>
					<name>Schedule-Tag</name>
					<variable>$schedule-tag-organizer:</variable>
				</grabheader>
				<grabheader>
					<name>ETag</name>
					<variable>$etag-organizer:</variable>
				</grabheader>
			</request>
		</test>
		<test name='3'>
			<description>Add alarm</description>
			<request print-response="no">
				<method>PUT</method>
				<ruri>$calendarpath1:/2.ics</ruri>
				<data>
					<content-type>text/calendar; charset=utf-8</content-type>
					<filepath>Resource/CalDAV/implicit/scheduletag/21.ics</filepath>
				</data>
				<verify>
					<callback>statusCode</callback>
				</verify>
			</request>
		</test>
		<test name='4'>
			<description>Get event</description>
			<request print-response="no">
				<method>GET</method>
				<ruri>$calendarpath1:/2.ics</ruri>
				<verify>
					<callback>statusCode</callback>
				</verify>
				<verify>
					<callback>header</callback>
					<arg>
						<name>header</name>
						<value>ETag!$etag-organizer:</value>
					</arg>
				</verify>
				<verify>
					<callback>header</callback>
					<arg>
						<name>header</name>
						<value>Schedule-Tag!$schedule-tag-organizer:</value>
					</arg>
				</verify>
				<grabheader>
					<name>Schedule-Tag</name>
					<variable>$schedule-tag-organizer2:</variable>
				</grabheader>
				<grabheader>
					<name>ETag</name>
					<variable>$etag-organizer2:</variable>
				</grabheader>
			</request>
		</test>
		<test name='5'>
			<description>Remove alarm</description>
			<request print-response="no">
				<method>PUT</method>
				<ruri>$calendarpath1:/2.ics</ruri>
				<data>
					<content-type>text/calendar; charset=utf-8</content-type>
					<filepath>Resource/CalDAV/implicit/scheduletag/22.ics</filepath>
				</data>
				<verify>
					<callback>statusCode</callback>
				</verify>
			</request>
		</test>
		<test name='6'>
			<description>Get event</description>
			<request print-response="no">
				<method>GET</method>
				<ruri>$calendarpath1:/2.ics</ruri>
				<verify>
					<callback>statusCode</callback>
				</verify>
				<verify>
					<callback>header</callback>
					<arg>
						<name>header</name>
						<value>ETag!$etag-organizer:</value>
						<value>ETag!$etag-organizer2:</value>
					</arg>
				</verify>
				<verify>
					<callback>header</callback>
					<arg>
						<name>header</name>
						<value>Schedule-Tag!$schedule-tag-organizer:</value>
						<value>Schedule-Tag!$schedule-tag-organizer2:</value>
					</arg>
				</verify>
			</request>
		</test>
	</test-suite>

	<end>
		<request user="$useradmin:" pswd="$pswdadmin:">
			<method>DELETEALL</method>
			<ruri>$calendarpath1:/</ruri>
			<ruri>$inboxpath1:/</ruri>
			<ruri>$calendarpath2:/</ruri>
			<ruri>$inboxpath2:/</ruri>
			<ruri>$calendarpath3:/</ruri>
			<ruri>$inboxpath3:/</ruri>
		</request>
	</end>
	
</caldavtest>
