<?xml version="1.0" standalone="no"?>

<!DOCTYPE caldavtest SYSTEM "caldavtest.dtd">

<!--
 Copyright (c) 2006-2010 Apple Inc. All rights reserved.

 Licensed under the Apache License, Version 2.0 (the "License");
 you may not use this file except in compliance with the License.
 You may obtain a copy of the License at

  http://www.apache.org/licenses/LICENSE-2.0

 Unless required by applicable law or agreed to in writing, software
 distributed under the License is distributed on an "AS IS" BASIS,
 WITHOUT WARRANTIES OR CONDITIONS OF ANY KIND, either express or implied.
 See the License for the specific language governing permissions and
 limitations under the License.
 -->

<caldavtest>
	<description>Test implicit scheduling for one attendee, not recurring</description>

	<require-feature>
		<feature>caldav</feature>
		<feature>implicit-scheduling</feature>
	</require-feature>

	<start>
		<request user="$userid1:" pswd="$pswd1:">
			<method>GET</method>
			<ruri>$calendarpath1:/</ruri>
		</request>
		<request user="$userid2:" pswd="$pswd2:">
			<method>GET</method>
			<ruri>$calendarpath2:/</ruri>
		</request>
	</start>
	
	<test-suite name='Non-recurring - DELETE' ignore='no'>
		<test name='1'>
			<description>Organizer stores event</description>
			<request print-response='no'>
				<method>PUT</method>
				<ruri>$calendarpath1:/1.ics</ruri>
				<data>
					<content-type>text/calendar; charset=utf-8</content-type>
					<filepath>Resource/CalDAV/implicit/cancels/non-recurring-delete/1.ics</filepath>
				</data>
				<verify>
					<callback>statusCode</callback>
				</verify>
			</request>
			<request>
				<method>DELAY</method>
				<ruri>$schedDelay:</ruri>
			</request>
		</test>
		<test name='2'>
			<description>Organizer deletes event</description>
			<request print-response='no'>
				<method>DELETE</method>
				<ruri>$calendarpath1:/1.ics</ruri>
				<verify>
					<callback>statusCode</callback>
				</verify>
			</request>
			<request>
				<method>DELAY</method>
				<ruri>$schedDelay:</ruri>
			</request>
		</test>
		<test name='3'>
			<description>Attendee stores cancelled event</description>
			<request user="$userid2:" pswd="$pswd2:" print-response='no'>
				<method>GETNEW</method>
				<ruri>$calendarpath2:/</ruri>
				<verify>
					<callback>statusCode</callback>
				</verify>
			</request>
			<request user="$userid2:" pswd="$pswd2:" print-response='no'>
				<method>PUT</method>
				<ruri>$</ruri>
				<data>
					<content-type>text/calendar; charset=utf-8</content-type>
					<filepath>Resource/CalDAV/implicit/cancels/non-recurring-delete/2.ics</filepath>
				</data>
				<verify>
					<callback>statusCode</callback>
				</verify>
			</request>
		</test>
		<test name='4'>
			<description>Attendee deletes cancelled event</description>
			<request user="$userid2:" pswd="$pswd2:" print-response='no'>
				<method>DELETE</method>
				<ruri>$</ruri>
				<verify>
					<callback>statusCode</callback>
				</verify>
			</request>
		</test>
		<test name='5' ignore='no'>
			<description>No items in user02 calendar</description>
			<request user="$userid2:" pswd="$pswd2:" print-response="no">
				<method>PROPFIND</method>
				<ruri>$calendarpath2:/</ruri>
				<header>
					<name>Depth</name>
					<value>1</value>
				</header>
				<data>
					<content-type>text/xml; charset=utf-8</content-type>
					<filepath>Resource/CalDAV/implicit/cancels/1.xml</filepath>
				</data>
				<verify>
					<callback>multistatusItems</callback>
					<arg>
						<name>count</name>
						<value>0</value>
					</arg>
				</verify>
			</request>
		</test>
		<test name='6'>
			<description>Clean-up</description>
			<request user="$userid1:" pswd="$pswd1:">
				<method>DELETEALL</method>
				<ruri>$calendarpath1:/</ruri>
			</request>
			<request user="$userid1:" pswd="$pswd1:">
				<method>DELETEALL</method>
				<ruri>$inboxpath1:/</ruri>
			</request>
			<request user="$userid2:" pswd="$pswd2:">
				<method>DELETEALL</method>
				<ruri>$calendarpath2:/</ruri>
			</request>
			<request user="$userid2:" pswd="$pswd2:">
				<method>DELETEALL</method>
				<ruri>$inboxpath2:/</ruri>
			</request>
		</test>
	</test-suite>
	
	<test-suite name='Recurring - DELETE - all' ignore='no'>
		<test name='1'>
			<description>Organizer stores event</description>
			<request print-response='no'>
				<method>PUT</method>
				<ruri>$calendarpath1:/1.ics</ruri>
				<data>
					<content-type>text/calendar; charset=utf-8</content-type>
					<filepath>Resource/CalDAV/implicit/cancels/recurring-delete-all/1.ics</filepath>
				</data>
				<verify>
					<callback>statusCode</callback>
				</verify>
			</request>
			<request>
				<method>DELAY</method>
				<ruri>$schedDelay:</ruri>
			</request>
		</test>
		<test name='2'>
			<description>Organizer deletes event</description>
			<request print-response='no'>
				<method>DELETE</method>
				<ruri>$calendarpath1:/1.ics</ruri>
				<verify>
					<callback>statusCode</callback>
				</verify>
			</request>
			<request>
				<method>DELAY</method>
				<ruri>$schedDelay:</ruri>
			</request>
		</test>
		<test name='3'>
			<description>Attendee stores cancelled event</description>
			<request user="$userid2:" pswd="$pswd2:" print-response='no'>
				<method>GETNEW</method>
				<ruri>$calendarpath2:/</ruri>
				<verify>
					<callback>statusCode</callback>
				</verify>
			</request>
			<request user="$userid2:" pswd="$pswd2:" print-response='no'>
				<method>PUT</method>
				<ruri>$</ruri>
				<data>
					<content-type>text/calendar; charset=utf-8</content-type>
					<filepath>Resource/CalDAV/implicit/cancels/recurring-delete-all/2.ics</filepath>
				</data>
				<verify>
					<callback>statusCode</callback>
				</verify>
			</request>
		</test>
		<test name='4'>
			<description>Attendee deletes cancelled event</description>
			<request user="$userid2:" pswd="$pswd2:" print-response='no'>
				<method>DELETE</method>
				<ruri>$</ruri>
				<verify>
					<callback>statusCode</callback>
				</verify>
			</request>
		</test>
		<test name='5' ignore='no'>
			<description>No items in user02 calendar</description>
			<request user="$userid2:" pswd="$pswd2:" print-response="no">
				<method>PROPFIND</method>
				<ruri>$calendarpath2:/</ruri>
				<header>
					<name>Depth</name>
					<value>1</value>
				</header>
				<data>
					<content-type>text/xml; charset=utf-8</content-type>
					<filepath>Resource/CalDAV/implicit/cancels/1.xml</filepath>
				</data>
				<verify>
					<callback>multistatusItems</callback>
					<arg>
						<name>count</name>
						<value>0</value>
					</arg>
				</verify>
			</request>
		</test>
		<test name='6'>
			<description>Clean-up</description>
			<request user="$userid1:" pswd="$pswd1:">
				<method>DELETEALL</method>
				<ruri>$calendarpath1:/</ruri>
			</request>
			<request user="$userid1:" pswd="$pswd1:">
				<method>DELETEALL</method>
				<ruri>$inboxpath1:/</ruri>
			</request>
			<request user="$userid2:" pswd="$pswd2:">
				<method>DELETEALL</method>
				<ruri>$calendarpath2:/</ruri>
			</request>
			<request user="$userid2:" pswd="$pswd2:">
				<method>DELETEALL</method>
				<ruri>$inboxpath2:/</ruri>
			</request>
		</test>
	</test-suite>
	
	<test-suite name='Recurring - DELETE - some' ignore='no'>
		<test name='1'>
			<description>Organizer stores event</description>
			<request print-response='no'>
				<method>PUT</method>
				<ruri>$calendarpath1:/1.ics</ruri>
				<data>
					<content-type>text/calendar; charset=utf-8</content-type>
					<filepath>Resource/CalDAV/implicit/cancels/recurring-delete-some/1.ics</filepath>
				</data>
				<verify>
					<callback>statusCode</callback>
				</verify>
			</request>
			<request>
				<method>DELAY</method>
				<ruri>$schedDelay:</ruri>
			</request>
		</test>
		<test name='2'>
			<description>Organizer updates event</description>
			<request print-response='no'>
				<method>PUT</method>
				<ruri>$calendarpath1:/1.ics</ruri>
				<data>
					<content-type>text/calendar; charset=utf-8</content-type>
					<filepath>Resource/CalDAV/implicit/cancels/recurring-delete-some/2.ics</filepath>
				</data>
				<verify>
					<callback>statusCode</callback>
				</verify>
			</request>
			<request>
				<method>DELAY</method>
				<ruri>$schedDelay:</ruri>
			</request>
		</test>
		<test name='3'>
			<description>Attendee stores cancelled event instances</description>
			<request user="$userid2:" pswd="$pswd2:" print-response='no'>
				<method>GETNEW</method>
				<ruri>$calendarpath2:/</ruri>
				<verify>
					<callback>statusCode</callback>
				</verify>
			</request>
		</test>
		<test name='4'>
			<description>Attendee stores cancelled event instances</description>
			<request user="$userid2:" pswd="$pswd2:" print-response='no'>
				<method>PUT</method>
				<ruri>$</ruri>
				<data>
					<content-type>text/calendar; charset=utf-8</content-type>
					<filepath>Resource/CalDAV/implicit/cancels/recurring-delete-some/3.ics</filepath>
				</data>
				<verify>
					<callback>statusCode</callback>
				</verify>
			</request>
		</test>
		<test name='5' ignore='no'>
			<description>One item in user02 calendar</description>
			<request user="$userid2:" pswd="$pswd2:" print-response="no">
				<method>PROPFIND</method>
				<ruri>$calendarpath2:/</ruri>
				<header>
					<name>Depth</name>
					<value>1</value>
				</header>
				<data>
					<content-type>text/xml; charset=utf-8</content-type>
					<filepath>Resource/CalDAV/implicit/cancels/1.xml</filepath>
				</data>
				<verify>
					<callback>multistatusItems</callback>
					<arg>
						<name>count</name>
						<value>1</value>
					</arg>
				</verify>
			</request>
		</test>
		<test name='6'>
			<description>Clean-up</description>
			<request user="$userid1:" pswd="$pswd1:">
				<method>DELETEALL</method>
				<ruri>$calendarpath1:/</ruri>
			</request>
			<request user="$userid1:" pswd="$pswd1:">
				<method>DELETEALL</method>
				<ruri>$inboxpath1:/</ruri>
			</request>
			<request user="$userid2:" pswd="$pswd2:">
				<method>DELETEALL</method>
				<ruri>$calendarpath2:/</ruri>
			</request>
			<request user="$userid2:" pswd="$pswd2:">
				<method>DELETEALL</method>
				<ruri>$inboxpath2:/</ruri>
			</request>
		</test>
	</test-suite>
	
	<test-suite name='Partial - DELETE - all' ignore='no'>
		<test name='1'>
			<description>Organizer stores event</description>
			<request print-response='no'>
				<method>PUT</method>
				<ruri>$calendarpath1:/1.ics</ruri>
				<data>
					<content-type>text/calendar; charset=utf-8</content-type>
					<filepath>Resource/CalDAV/implicit/cancels/partial-delete-all/1.ics</filepath>
				</data>
				<verify>
					<callback>statusCode</callback>
				</verify>
			</request>
			<request>
				<method>DELAY</method>
				<ruri>$schedDelay:</ruri>
			</request>
		</test>
		<test name='2'>
			<description>Organizer deletes event</description>
			<request print-response='no'>
				<method>DELETE</method>
				<ruri>$calendarpath1:/1.ics</ruri>
				<verify>
					<callback>statusCode</callback>
				</verify>
			</request>
			<request>
				<method>DELAY</method>
				<ruri>$schedDelay:</ruri>
			</request>
		</test>
		<test name='3'>
			<description>Attendee stores cancelled event</description>
			<request user="$userid2:" pswd="$pswd2:" print-response='no'>
				<method>GETNEW</method>
				<ruri>$calendarpath2:/</ruri>
				<verify>
					<callback>statusCode</callback>
				</verify>
			</request>
			<request user="$userid2:" pswd="$pswd2:" print-response='no'>
				<method>PUT</method>
				<ruri>$</ruri>
				<data>
					<content-type>text/calendar; charset=utf-8</content-type>
					<filepath>Resource/CalDAV/implicit/cancels/partial-delete-all/2.ics</filepath>
				</data>
				<verify>
					<callback>statusCode</callback>
				</verify>
			</request>
		</test>
		<test name='4'>
			<description>Attendee deletes cancelled event</description>
			<request user="$userid2:" pswd="$pswd2:" print-response='no'>
				<method>DELETE</method>
				<ruri>$</ruri>
				<verify>
					<callback>statusCode</callback>
				</verify>
			</request>
		</test>
		<test name='5' ignore='no'>
			<description>No items in user02 calendar</description>
			<request user="$userid2:" pswd="$pswd2:" print-response="no">
				<method>PROPFIND</method>
				<ruri>$calendarpath2:/</ruri>
				<header>
					<name>Depth</name>
					<value>1</value>
				</header>
				<data>
					<content-type>text/xml; charset=utf-8</content-type>
					<filepath>Resource/CalDAV/implicit/cancels/1.xml</filepath>
				</data>
				<verify>
					<callback>multistatusItems</callback>
					<arg>
						<name>count</name>
						<value>0</value>
					</arg>
				</verify>
			</request>
		</test>
		<test name='6'>
			<description>Clean-up</description>
			<request user="$userid1:" pswd="$pswd1:">
				<method>DELETEALL</method>
				<ruri>$calendarpath1:/</ruri>
			</request>
			<request user="$userid1:" pswd="$pswd1:">
				<method>DELETEALL</method>
				<ruri>$inboxpath1:/</ruri>
			</request>
			<request user="$userid2:" pswd="$pswd2:">
				<method>DELETEALL</method>
				<ruri>$calendarpath2:/</ruri>
			</request>
			<request user="$userid2:" pswd="$pswd2:">
				<method>DELETEALL</method>
				<ruri>$inboxpath2:/</ruri>
			</request>
		</test>
	</test-suite>
	
	<test-suite name='Partial - DELETE - some' ignore='no'>
		<test name='1'>
			<description>Organizer stores event</description>
			<request print-response='no'>
				<method>PUT</method>
				<ruri>$calendarpath1:/1.ics</ruri>
				<data>
					<content-type>text/calendar; charset=utf-8</content-type>
					<filepath>Resource/CalDAV/implicit/cancels/partial-delete-some/1.ics</filepath>
				</data>
				<verify>
					<callback>statusCode</callback>
				</verify>
			</request>
			<request>
				<method>DELAY</method>
				<ruri>$schedDelay:</ruri>
			</request>
		</test>
		<test name='2'>
			<description>Organizer updates event</description>
			<request print-response='no'>
				<method>PUT</method>
				<ruri>$calendarpath1:/1.ics</ruri>
				<data>
					<content-type>text/calendar; charset=utf-8</content-type>
					<filepath>Resource/CalDAV/implicit/cancels/partial-delete-some/2.ics</filepath>
				</data>
				<verify>
					<callback>statusCode</callback>
				</verify>
			</request>
			<request>
				<method>DELAY</method>
				<ruri>$schedDelay:</ruri>
			</request>
		</test>
		<test name='3'>
			<description>Attendee stores cancelled event instances</description>
			<request user="$userid2:" pswd="$pswd2:" print-response='no'>
				<method>GETNEW</method>
				<ruri>$calendarpath2:/</ruri>
				<verify>
					<callback>statusCode</callback>
				</verify>
			</request>
		</test>
		<test name='4'>
			<description>Attendee stores cancelled event instances</description>
			<request user="$userid2:" pswd="$pswd2:" print-response='no'>
				<method>PUT</method>
				<ruri>$</ruri>
				<data>
					<content-type>text/calendar; charset=utf-8</content-type>
					<filepath>Resource/CalDAV/implicit/cancels/partial-delete-some/3.ics</filepath>
				</data>
				<verify>
					<callback>statusCode</callback>
				</verify>
			</request>
		</test>
		<test name='5' ignore='no'>
			<description>One item in user02 calendar</description>
			<request user="$userid2:" pswd="$pswd2:" print-response="no">
				<method>PROPFIND</method>
				<ruri>$calendarpath2:/</ruri>
				<header>
					<name>Depth</name>
					<value>1</value>
				</header>
				<data>
					<content-type>text/xml; charset=utf-8</content-type>
					<filepath>Resource/CalDAV/implicit/cancels/1.xml</filepath>
				</data>
				<verify>
					<callback>multistatusItems</callback>
					<arg>
						<name>count</name>
						<value>1</value>
					</arg>
				</verify>
			</request>
		</test>
		<test name='6'>
			<description>Clean-up</description>
			<request user="$userid1:" pswd="$pswd1:">
				<method>DELETEALL</method>
				<ruri>$calendarpath1:/</ruri>
			</request>
			<request user="$userid1:" pswd="$pswd1:">
				<method>DELETEALL</method>
				<ruri>$inboxpath1:/</ruri>
			</request>
			<request user="$userid2:" pswd="$pswd2:">
				<method>DELETEALL</method>
				<ruri>$calendarpath2:/</ruri>
			</request>
			<request user="$userid2:" pswd="$pswd2:">
				<method>DELETEALL</method>
				<ruri>$inboxpath2:/</ruri>
			</request>
		</test>
	</test-suite>
	
	<test-suite name='Non-recurring - remove' ignore='no'>
		<test name='1'>
			<description>Organizer stores event</description>
			<request print-response='no'>
				<method>PUT</method>
				<ruri>$calendarpath1:/1.ics</ruri>
				<data>
					<content-type>text/calendar; charset=utf-8</content-type>
					<filepath>Resource/CalDAV/implicit/cancels/non-recurring-remove/1.ics</filepath>
				</data>
				<verify>
					<callback>statusCode</callback>
				</verify>
			</request>
			<request>
				<method>DELAY</method>
				<ruri>$schedDelay:</ruri>
			</request>
		</test>
		<test name='2'>
			<description>Organizer updates event</description>
			<request print-response='no'>
				<method>PUT</method>
				<ruri>$calendarpath1:/1.ics</ruri>
				<data>
					<content-type>text/calendar; charset=utf-8</content-type>
					<filepath>Resource/CalDAV/implicit/cancels/non-recurring-remove/2.ics</filepath>
				</data>
				<verify>
					<callback>statusCode</callback>
				</verify>
			</request>
			<request>
				<method>DELAY</method>
				<ruri>$schedDelay:</ruri>
			</request>
		</test>
		<test name='3'>
			<description>Attendee stores cancelled event</description>
			<request user="$userid2:" pswd="$pswd2:" print-response='no'>
				<method>GETNEW</method>
				<ruri>$calendarpath2:/</ruri>
				<verify>
					<callback>statusCode</callback>
				</verify>
			</request>
			<request user="$userid2:" pswd="$pswd2:" print-response='no'>
				<method>PUT</method>
				<ruri>$</ruri>
				<data>
					<content-type>text/calendar; charset=utf-8</content-type>
					<filepath>Resource/CalDAV/implicit/cancels/non-recurring-remove/3.ics</filepath>
				</data>
				<verify>
					<callback>statusCode</callback>
				</verify>
			</request>
		</test>
		<test name='4'>
			<description>Attendee deletes cancelled event</description>
			<request user="$userid2:" pswd="$pswd2:" print-response='no'>
				<method>DELETE</method>
				<ruri>$</ruri>
				<verify>
					<callback>statusCode</callback>
				</verify>
			</request>
		</test>
		<test name='5' ignore='no'>
			<description>No items in user02 calendar</description>
			<request user="$userid2:" pswd="$pswd2:" print-response="no">
				<method>PROPFIND</method>
				<ruri>$calendarpath2:/</ruri>
				<header>
					<name>Depth</name>
					<value>1</value>
				</header>
				<data>
					<content-type>text/xml; charset=utf-8</content-type>
					<filepath>Resource/CalDAV/implicit/cancels/1.xml</filepath>
				</data>
				<verify>
					<callback>multistatusItems</callback>
					<arg>
						<name>count</name>
						<value>0</value>
					</arg>
				</verify>
			</request>
		</test>
		<test name='6'>
			<description>Clean-up</description>
			<request user="$userid1:" pswd="$pswd1:">
				<method>DELETEALL</method>
				<ruri>$calendarpath1:/</ruri>
			</request>
			<request user="$userid1:" pswd="$pswd1:">
				<method>DELETEALL</method>
				<ruri>$inboxpath1:/</ruri>
			</request>
			<request user="$userid2:" pswd="$pswd2:">
				<method>DELETEALL</method>
				<ruri>$calendarpath2:/</ruri>
			</request>
			<request user="$userid2:" pswd="$pswd2:">
				<method>DELETEALL</method>
				<ruri>$inboxpath2:/</ruri>
			</request>
		</test>
	</test-suite>
	
	<test-suite name='Recurring - remove - all' ignore='no'>
		<test name='1'>
			<description>Organizer stores event</description>
			<request print-response='no'>
				<method>PUT</method>
				<ruri>$calendarpath1:/1.ics</ruri>
				<data>
					<content-type>text/calendar; charset=utf-8</content-type>
					<filepath>Resource/CalDAV/implicit/cancels/recurring-remove-all/1.ics</filepath>
				</data>
				<verify>
					<callback>statusCode</callback>
				</verify>
			</request>
			<request>
				<method>DELAY</method>
				<ruri>$schedDelay:</ruri>
			</request>
		</test>
		<test name='2'>
			<description>Organizer updates event</description>
			<request print-response='no'>
				<method>PUT</method>
				<ruri>$calendarpath1:/1.ics</ruri>
				<data>
					<content-type>text/calendar; charset=utf-8</content-type>
					<filepath>Resource/CalDAV/implicit/cancels/recurring-remove-all/2.ics</filepath>
				</data>
				<verify>
					<callback>statusCode</callback>
				</verify>
			</request>
			<request>
				<method>DELAY</method>
				<ruri>$schedDelay:</ruri>
			</request>
		</test>
		<test name='3'>
			<description>Attendee stores cancelled event</description>
			<request user="$userid2:" pswd="$pswd2:" print-response='no'>
				<method>GETNEW</method>
				<ruri>$calendarpath2:/</ruri>
				<verify>
					<callback>statusCode</callback>
				</verify>
			</request>
			<request user="$userid2:" pswd="$pswd2:" print-response='no'>
				<method>PUT</method>
				<ruri>$</ruri>
				<data>
					<content-type>text/calendar; charset=utf-8</content-type>
					<filepath>Resource/CalDAV/implicit/cancels/recurring-remove-all/3.ics</filepath>
				</data>
				<verify>
					<callback>statusCode</callback>
				</verify>
			</request>
		</test>
		<test name='4'>
			<description>Attendee deletes cancelled event</description>
			<request user="$userid2:" pswd="$pswd2:" print-response='no'>
				<method>DELETE</method>
				<ruri>$</ruri>
				<verify>
					<callback>statusCode</callback>
				</verify>
			</request>
		</test>
		<test name='5' ignore='no'>
			<description>No items in user02 calendar</description>
			<request user="$userid2:" pswd="$pswd2:" print-response="no">
				<method>PROPFIND</method>
				<ruri>$calendarpath2:/</ruri>
				<header>
					<name>Depth</name>
					<value>1</value>
				</header>
				<data>
					<content-type>text/xml; charset=utf-8</content-type>
					<filepath>Resource/CalDAV/implicit/cancels/1.xml</filepath>
				</data>
				<verify>
					<callback>multistatusItems</callback>
					<arg>
						<name>count</name>
						<value>0</value>
					</arg>
				</verify>
			</request>
		</test>
		<test name='6'>
			<description>Clean-up</description>
			<request user="$userid1:" pswd="$pswd1:">
				<method>DELETEALL</method>
				<ruri>$calendarpath1:/</ruri>
			</request>
			<request user="$userid1:" pswd="$pswd1:">
				<method>DELETEALL</method>
				<ruri>$inboxpath1:/</ruri>
			</request>
			<request user="$userid2:" pswd="$pswd2:">
				<method>DELETEALL</method>
				<ruri>$calendarpath2:/</ruri>
			</request>
			<request user="$userid2:" pswd="$pswd2:">
				<method>DELETEALL</method>
				<ruri>$inboxpath2:/</ruri>
			</request>
		</test>
	</test-suite>
	
	<test-suite name='Recurring - remove - some' ignore='no'>
		<test name='1'>
			<description>Organizer stores event</description>
			<request print-response='no'>
				<method>PUT</method>
				<ruri>$calendarpath1:/1.ics</ruri>
				<data>
					<content-type>text/calendar; charset=utf-8</content-type>
					<filepath>Resource/CalDAV/implicit/cancels/recurring-remove-some/1.ics</filepath>
				</data>
				<verify>
					<callback>statusCode</callback>
				</verify>
			</request>
			<request>
				<method>DELAY</method>
				<ruri>$schedDelay:</ruri>
			</request>
		</test>
		<test name='2'>
			<description>Organizer updates event</description>
			<request print-response='no'>
				<method>PUT</method>
				<ruri>$calendarpath1:/1.ics</ruri>
				<data>
					<content-type>text/calendar; charset=utf-8</content-type>
					<filepath>Resource/CalDAV/implicit/cancels/recurring-remove-some/2.ics</filepath>
				</data>
				<verify>
					<callback>statusCode</callback>
				</verify>
			</request>
			<request>
				<method>DELAY</method>
				<ruri>$schedDelay:</ruri>
			</request>
		</test>
		<test name='3'>
			<description>Attendee stores cancelled event instances</description>
			<request user="$userid2:" pswd="$pswd2:" print-response='no'>
				<method>GETNEW</method>
				<ruri>$calendarpath2:/</ruri>
				<verify>
					<callback>statusCode</callback>
				</verify>
			</request>
		</test>
		<test name='4'>
			<description>Attendee stores cancelled event instances</description>
			<request user="$userid2:" pswd="$pswd2:" print-response='no'>
				<method>PUT</method>
				<ruri>$</ruri>
				<data>
					<content-type>text/calendar; charset=utf-8</content-type>
					<filepath>Resource/CalDAV/implicit/cancels/recurring-remove-some/3.ics</filepath>
				</data>
				<verify>
					<callback>statusCode</callback>
				</verify>
			</request>
		</test>
		<test name='5' ignore='no'>
			<description>One item in user02 calendar</description>
			<request user="$userid2:" pswd="$pswd2:" print-response="no">
				<method>PROPFIND</method>
				<ruri>$calendarpath2:/</ruri>
				<header>
					<name>Depth</name>
					<value>1</value>
				</header>
				<data>
					<content-type>text/xml; charset=utf-8</content-type>
					<filepath>Resource/CalDAV/implicit/cancels/1.xml</filepath>
				</data>
				<verify>
					<callback>multistatusItems</callback>
					<arg>
						<name>count</name>
						<value>1</value>
					</arg>
				</verify>
			</request>
		</test>
		<test name='6'>
			<description>Clean-up</description>
			<request user="$userid1:" pswd="$pswd1:">
				<method>DELETEALL</method>
				<ruri>$calendarpath1:/</ruri>
			</request>
			<request user="$userid1:" pswd="$pswd1:">
				<method>DELETEALL</method>
				<ruri>$inboxpath1:/</ruri>
			</request>
			<request user="$userid2:" pswd="$pswd2:">
				<method>DELETEALL</method>
				<ruri>$calendarpath2:/</ruri>
			</request>
			<request user="$userid2:" pswd="$pswd2:">
				<method>DELETEALL</method>
				<ruri>$inboxpath2:/</ruri>
			</request>
		</test>
	</test-suite>
	
	<test-suite name='Recurring - remove - twice' ignore='no'>
		<test name='1'>
			<description>Organizer stores event</description>
			<request print-response='no'>
				<method>PUT</method>
				<ruri>$calendarpath1:/1.ics</ruri>
				<data>
					<content-type>text/calendar; charset=utf-8</content-type>
					<filepath>Resource/CalDAV/implicit/cancels/recurring-remove-twice/1.ics</filepath>
				</data>
				<verify>
					<callback>statusCode</callback>
				</verify>
			</request>
			<request>
				<method>DELAY</method>
				<ruri>$schedDelay:</ruri>
			</request>
		</test>
		<test name='2'>
			<description>Attendee has data</description>
			<request user="$userid2:" pswd="$pswd2:" print-response='no'>
				<method>GETNEW</method>
				<ruri>$calendarpath2:/</ruri>
				<verify>
					<callback>calendarDataMatch</callback>
					<arg>
						<name>filepath</name>
						<value>Resource/CalDAV/implicit/cancels/recurring-remove-twice/2.ics</value>
					</arg>
				</verify>
			</request>
		</test>
		<test name='3'>
			<description>Organizer cancelled one instance</description>
			<request print-response='no'>
				<method>PUT</method>
				<ruri>$calendarpath1:/1.ics</ruri>
				<data>
					<content-type>text/calendar; charset=utf-8</content-type>
					<filepath>Resource/CalDAV/implicit/cancels/recurring-remove-twice/3.ics</filepath>
				</data>
				<verify>
					<callback>statusCode</callback>
				</verify>
			</request>
			<request>
				<method>DELAY</method>
				<ruri>$schedDelay:</ruri>
			</request>
		</test>
		<test name='4'>
			<description>Attendee has data</description>
			<request user="$userid2:" pswd="$pswd2:" print-response='no'>
				<method>GETNEW</method>
				<ruri>$calendarpath2:/</ruri>
				<verify>
					<callback>calendarDataMatch</callback>
					<arg>
						<name>filepath</name>
						<value>Resource/CalDAV/implicit/cancels/recurring-remove-twice/4.ics</value>
					</arg>
				</verify>
			</request>
		</test>
		<test name='5'>
			<description>Organizer cancelled another instance</description>
			<request print-response='no'>
				<method>PUT</method>
				<ruri>$calendarpath1:/1.ics</ruri>
				<data>
					<content-type>text/calendar; charset=utf-8</content-type>
					<filepath>Resource/CalDAV/implicit/cancels/recurring-remove-twice/5.ics</filepath>
				</data>
				<verify>
					<callback>statusCode</callback>
				</verify>
			</request>
			<request>
				<method>DELAY</method>
				<ruri>$schedDelay:</ruri>
			</request>
		</test>
		<test name='6'>
			<description>Attendee has data</description>
			<request user="$userid2:" pswd="$pswd2:" print-response='no'>
				<method>GETNEW</method>
				<ruri>$calendarpath2:/</ruri>
				<verify>
					<callback>calendarDataMatch</callback>
					<arg>
						<name>filepath</name>
						<value>Resource/CalDAV/implicit/cancels/recurring-remove-twice/6.ics</value>
					</arg>
				</verify>
			</request>
		</test>
		<test name='7'>
			<description>Clean-up</description>
			<request user="$userid1:" pswd="$pswd1:">
				<method>DELETEALL</method>
				<ruri>$calendarpath1:/</ruri>
			</request>
			<request user="$userid1:" pswd="$pswd1:">
				<method>DELETEALL</method>
				<ruri>$inboxpath1:/</ruri>
			</request>
			<request user="$userid2:" pswd="$pswd2:">
				<method>DELETEALL</method>
				<ruri>$calendarpath2:/</ruri>
			</request>
			<request user="$userid2:" pswd="$pswd2:">
				<method>DELETEALL</method>
				<ruri>$inboxpath2:/</ruri>
			</request>
		</test>
	</test-suite>
	
	<test-suite name='Partial - remove - all' ignore='no'>
		<test name='1'>
			<description>Organizer stores event</description>
			<request print-response='no'>
				<method>PUT</method>
				<ruri>$calendarpath1:/1.ics</ruri>
				<data>
					<content-type>text/calendar; charset=utf-8</content-type>
					<filepath>Resource/CalDAV/implicit/cancels/partial-remove-all/1.ics</filepath>
				</data>
				<verify>
					<callback>statusCode</callback>
				</verify>
			</request>
			<request>
				<method>DELAY</method>
				<ruri>$schedDelay:</ruri>
			</request>
		</test>
		<test name='2'>
			<description>Organizer updates event</description>
			<request print-response='no'>
				<method>PUT</method>
				<ruri>$calendarpath1:/1.ics</ruri>
				<data>
					<content-type>text/calendar; charset=utf-8</content-type>
					<filepath>Resource/CalDAV/implicit/cancels/partial-remove-all/2.ics</filepath>
				</data>
				<verify>
					<callback>statusCode</callback>
				</verify>
			</request>
			<request>
				<method>DELAY</method>
				<ruri>$schedDelay:</ruri>
			</request>
		</test>
		<test name='3'>
			<description>Attendee stores cancelled event</description>
			<request user="$userid2:" pswd="$pswd2:" print-response='no'>
				<method>GETNEW</method>
				<ruri>$calendarpath2:/</ruri>
				<verify>
					<callback>statusCode</callback>
				</verify>
			</request>
			<request user="$userid2:" pswd="$pswd2:" print-response='no'>
				<method>PUT</method>
				<ruri>$</ruri>
				<data>
					<content-type>text/calendar; charset=utf-8</content-type>
					<filepath>Resource/CalDAV/implicit/cancels/partial-remove-all/3.ics</filepath>
				</data>
				<verify>
					<callback>statusCode</callback>
				</verify>
			</request>
		</test>
		<test name='4'>
			<description>Attendee deletes cancelled event</description>
			<request user="$userid2:" pswd="$pswd2:" print-response='no'>
				<method>DELETE</method>
				<ruri>$</ruri>
				<verify>
					<callback>statusCode</callback>
				</verify>
			</request>
		</test>
		<test name='5' ignore='no'>
			<description>No items in user02 calendar</description>
			<request user="$userid2:" pswd="$pswd2:" print-response="no">
				<method>PROPFIND</method>
				<ruri>$calendarpath2:/</ruri>
				<header>
					<name>Depth</name>
					<value>1</value>
				</header>
				<data>
					<content-type>text/xml; charset=utf-8</content-type>
					<filepath>Resource/CalDAV/implicit/cancels/1.xml</filepath>
				</data>
				<verify>
					<callback>multistatusItems</callback>
					<arg>
						<name>count</name>
						<value>0</value>
					</arg>
				</verify>
			</request>
		</test>
		<test name='6'>
			<description>Clean-up</description>
			<request user="$userid1:" pswd="$pswd1:">
				<method>DELETEALL</method>
				<ruri>$calendarpath1:/</ruri>
			</request>
			<request user="$userid1:" pswd="$pswd1:">
				<method>DELETEALL</method>
				<ruri>$inboxpath1:/</ruri>
			</request>
			<request user="$userid2:" pswd="$pswd2:">
				<method>DELETEALL</method>
				<ruri>$calendarpath2:/</ruri>
			</request>
			<request user="$userid2:" pswd="$pswd2:">
				<method>DELETEALL</method>
				<ruri>$inboxpath2:/</ruri>
			</request>
		</test>
	</test-suite>
	
	<test-suite name='Partial - remove - some' ignore='no'>
		<test name='1'>
			<description>Organizer stores event</description>
			<request print-response='no'>
				<method>PUT</method>
				<ruri>$calendarpath1:/1.ics</ruri>
				<data>
					<content-type>text/calendar; charset=utf-8</content-type>
					<filepath>Resource/CalDAV/implicit/cancels/partial-remove-some/1.ics</filepath>
				</data>
				<verify>
					<callback>statusCode</callback>
				</verify>
			</request>
			<request>
				<method>DELAY</method>
				<ruri>$schedDelay:</ruri>
			</request>
		</test>
		<test name='2'>
			<description>Organizer updates event</description>
			<request print-response='no'>
				<method>PUT</method>
				<ruri>$calendarpath1:/1.ics</ruri>
				<data>
					<content-type>text/calendar; charset=utf-8</content-type>
					<filepath>Resource/CalDAV/implicit/cancels/partial-remove-some/2.ics</filepath>
				</data>
				<verify>
					<callback>statusCode</callback>
				</verify>
			</request>
			<request>
				<method>DELAY</method>
				<ruri>$schedDelay:</ruri>
			</request>
		</test>
		<test name='3'>
			<description>Attendee stores cancelled event instances</description>
			<request user="$userid2:" pswd="$pswd2:" print-response='no'>
				<method>GETNEW</method>
				<ruri>$calendarpath2:/</ruri>
				<verify>
					<callback>statusCode</callback>
				</verify>
			</request>
			<request user="$userid2:" pswd="$pswd2:" print-response='no'>
				<method>PUT</method>
				<ruri>$</ruri>
				<data>
					<content-type>text/calendar; charset=utf-8</content-type>
					<filepath>Resource/CalDAV/implicit/cancels/partial-remove-some/3.ics</filepath>
				</data>
				<verify>
					<callback>statusCode</callback>
				</verify>
			</request>
		</test>
		<test name='4'>
			<description>Attendee removes cancelled event instances</description>
			<request user="$userid2:" pswd="$pswd2:" print-response='no'>
				<method>GETNEW</method>
				<ruri>$calendarpath2:/</ruri>
				<verify>
					<callback>statusCode</callback>
				</verify>
			</request>
			<request user="$userid2:" pswd="$pswd2:" print-response='no'>
				<method>PUT</method>
				<ruri>$</ruri>
				<data>
					<content-type>text/calendar; charset=utf-8</content-type>
					<filepath>Resource/CalDAV/implicit/cancels/partial-remove-some/4.ics</filepath>
				</data>
				<verify>
					<callback>statusCode</callback>
				</verify>
			</request>
		</test>
		<test name='5'>
			<description>Clean-up</description>
			<request user="$userid1:" pswd="$pswd1:">
				<method>DELETEALL</method>
				<ruri>$calendarpath1:/</ruri>
			</request>
			<request user="$userid1:" pswd="$pswd1:">
				<method>DELETEALL</method>
				<ruri>$inboxpath1:/</ruri>
			</request>
			<request user="$userid2:" pswd="$pswd2:">
				<method>DELETEALL</method>
				<ruri>$calendarpath2:/</ruri>
			</request>
			<request user="$userid2:" pswd="$pswd2:">
				<method>DELETEALL</method>
				<ruri>$inboxpath2:/</ruri>
			</request>
		</test>
	</test-suite>
	
	<test-suite name='Recurring - remove - some - attendee still cancelled' ignore='no'>
		<test name='1'>
			<description>Organizer stores event</description>
			<request print-response='no'>
				<method>PUT</method>
				<ruri>$calendarpath1:/1.ics</ruri>
				<data>
					<content-type>text/calendar; charset=utf-8</content-type>
					<filepath>Resource/CalDAV/implicit/cancels/still-cancelled/1.ics</filepath>
				</data>
				<verify>
					<callback>statusCode</callback>
				</verify>
			</request>
			<request>
				<method>DELAY</method>
				<ruri>$schedDelay:</ruri>
			</request>
		</test>
		<test name='2'>
			<description>Organizer updates event</description>
			<request print-response='no'>
				<method>PUT</method>
				<ruri>$calendarpath1:/1.ics</ruri>
				<data>
					<content-type>text/calendar; charset=utf-8</content-type>
					<filepath>Resource/CalDAV/implicit/cancels/still-cancelled/2.ics</filepath>
				</data>
				<verify>
					<callback>statusCode</callback>
				</verify>
			</request>
			<request>
				<method>DELAY</method>
				<ruri>$schedDelay:</ruri>
			</request>
		</test>
		<test name='3'>
			<description>Attendee stores cancelled event instances</description>
			<request user="$userid2:" pswd="$pswd2:" print-response='no'>
				<method>GETNEW</method>
				<ruri>$calendarpath2:/</ruri>
				<verify>
					<callback>statusCode</callback>
				</verify>
			</request>
			<request user="$userid2:" pswd="$pswd2:" print-response='no'>
				<method>PUT</method>
				<ruri>$</ruri>
				<data>
					<content-type>text/calendar; charset=utf-8</content-type>
					<filepath>Resource/CalDAV/implicit/cancels/still-cancelled/3.ics</filepath>
				</data>
				<verify>
					<callback>statusCode</callback>
				</verify>
			</request>
		</test>
		<test name='4' ignore='no'>
			<description>Organizer Inbox Item</description>
			<request print-response='no'>
				<method>PROPFIND</method>
				<ruri>$inboxpath1:/</ruri>
				<header>
					<name>Depth</name>
					<value>1</value>
				</header>
				<data>
					<content-type>application/xml; charset=utf-8</content-type>
					<filepath>Resource/CalDAV/implicit/1.xml</filepath>
				</data>
				<verify>
					<callback>multistatusItems</callback>
					<arg>
						<name>count</name>
						<value>1</value>
					</arg>
				</verify>
			</request>
			<request print-response='no'>
				<method>GETNEW</method>
				<ruri>$inboxpath1:/</ruri>
				<verify>
					<callback>dataString</callback>
					<arg>
						<name>contains</name>
						<value>STATUS:CANCELLED</value>
					</arg>
				</verify>
			</request>
			<request print-response='no'>
				<method>DELETE</method>
				<ruri>$</ruri>
				<verify>
					<callback>statusCode</callback>
					<arg>
						<name>status</name>
						<value>204</value>
					</arg>
				</verify>
			</request>
		</test>
		<test name='5'>
			<description>Attendee declines an instance</description>
			<request user="$userid2:" pswd="$pswd2:" print-response='no'>
				<method>GETNEW</method>
				<ruri>$calendarpath2:/</ruri>
				<verify>
					<callback>statusCode</callback>
				</verify>
			</request>
			<request user="$userid2:" pswd="$pswd2:" print-response='no'>
				<method>PUT</method>
				<ruri>$</ruri>
				<data>
					<content-type>text/calendar; charset=utf-8</content-type>
					<filepath>Resource/CalDAV/implicit/cancels/still-cancelled/4.ics</filepath>
				</data>
				<verify>
					<callback>statusCode</callback>
				</verify>
			</request>
		</test>
		<test name='6' ignore='no'>
			<description>Organizer Inbox Item</description>
			<request print-response='no'>
				<method>PROPFIND</method>
				<ruri>$inboxpath1:/</ruri>
				<header>
					<name>Depth</name>
					<value>1</value>
				</header>
				<data>
					<content-type>application/xml; charset=utf-8</content-type>
					<filepath>Resource/CalDAV/implicit/1.xml</filepath>
				</data>
				<verify>
					<callback>multistatusItems</callback>
					<arg>
						<name>count</name>
						<value>1</value>
					</arg>
				</verify>
			</request>
			<request print-response='no'>
				<method>GETNEW</method>
				<ruri>$inboxpath1:/</ruri>
				<verify>
					<callback>dataString</callback>
					<arg>
						<name>contains</name>
						<value>RECURRENCE-ID;TZID=US/Eastern:20060103T100000</value>
					</arg>
					<arg>
						<name>notcontains</name>
						<value>FREQ=DAILY</value>
						<value>RECURRENCE-ID;TZID=US/Eastern:20060104T100000</value>
						<value>STATUS:CANCELLED</value>
					</arg>
				</verify>
			</request>
			<request print-response='no'>
				<method>DELETE</method>
				<ruri>$</ruri>
				<verify>
					<callback>statusCode</callback>
					<arg>
						<name>status</name>
						<value>204</value>
					</arg>
				</verify>
			</request>
		</test>
		<test name='7'>
			<description>Clean-up</description>
			<request user="$userid1:" pswd="$pswd1:">
				<method>DELETEALL</method>
				<ruri>$calendarpath1:/</ruri>
			</request>
			<request user="$userid1:" pswd="$pswd1:">
				<method>DELETEALL</method>
				<ruri>$inboxpath1:/</ruri>
			</request>
			<request user="$userid2:" pswd="$pswd2:">
				<method>DELETEALL</method>
				<ruri>$calendarpath2:/</ruri>
			</request>
			<request user="$userid2:" pswd="$pswd2:">
				<method>DELETEALL</method>
				<ruri>$inboxpath2:/</ruri>
			</request>
		</test>
	</test-suite>
	
	<end/>
	
</caldavtest>
